url,date,homeTeam,homeScore,awayTeam,awayScore,Data Player?,Data Events?,Teams,ELO home,ELO away,H expected,A expected,Result H,G,ELO h new,ELO a new,Ca team h,Ca team a,Goal diff H,Speelronde H,Speelronde A,Punten H,Punten A,Cum P H,Cum P A,Rank H,Rank A
https://www.rbfa.be/nl/wedstrijd/6749235,31/08/2024,K. Sassp. Boezinge A,1,K.S.K. Oostnieuwkerke,1,0,0,K. Sassp. Boezinge A - K.S.K. Oostnieuwkerke,1500,1500,"0,50","0,50","0,5",1,1500,1500,"0,0000","0,0000",0,1,1,1,1,1,1,7,7
https://www.rbfa.be/nl/wedstrijd/6749236,31/08/2024,K. Exc. Zedelgem,2,K. SV Rumbeke,3,0,0,K. Exc. Zedelgem - K. SV Rumbeke,1500,1500,"0,50","0,50",0,1,1485,1515,"-0,5000","0,5000",-1,1,1,0,3,0,3,11,1
https://www.rbfa.be/nl/wedstrijd/6749237,31/08/2024,S.V. Wevelgem City A,2,K. WS Houthulst A,1,0,0,S.V. Wevelgem City A - K. WS Houthulst A,1500,1500,"0,50","0,50",1,1,1515,1485,"0,5000","-0,5000",1,1,1,3,0,3,0,1,11
https://www.rbfa.be/nl/wedstrijd/6749241,31/08/2024,FC Sp. Heestert A,3,K. SV Bredene A,3,0,0,FC Sp. Heestert A - K. SV Bredene A,1500,1500,"0,50","0,50","0,5",1,1500,1500,"0,0000","0,0000",0,1,1,1,1,1,1,7,7
https://www.rbfa.be/nl/wedstrijd/6749238,31/08/2024,K. FC Varsenare A,2,Zwevegem Sport,4,0,0,K. FC Varsenare A - Zwevegem Sport,1500,1500,"0,50","0,50",0,"1,5",1478,1523,"-0,6300","0,6300",-2,1,1,0,3,0,3,11,1
https://www.rbfa.be/nl/wedstrijd/6749242,1/09/2024,Jong Male K.V.V.,1,K.F.C. Moen,5,0,0,Jong Male K.V.V. - K.F.C. Moen,1500,1500,"0,50","0,50",0,"1,875",1472,1528,"-0,7937","0,7937",-4,1,1,0,3,0,3,11,1
https://www.rbfa.be/nl/wedstrijd/6749239,1/09/2024,K. VC Ardooie A,5,Club Roeselare,2,0,0,K. VC Ardooie A - Club Roeselare,1500,1500,"0,50","0,50",1,"1,75",1526,1474,"0,7211","-0,7211",3,1,1,3,0,3,0,1,11
https://www.rbfa.be/nl/wedstrijd/6749240,1/09/2024,K. FC Marke A,0,K.R.C. Waregem A,2,0,0,K. FC Marke A - K.R.C. Waregem A,1500,1500,"0,50","0,50",0,"1,5",1478,1523,"-0,6300","0,6300",-2,1,1,0,3,0,3,11,1
https://www.rbfa.be/nl/wedstrijd/6749244,6/09/2024,K.F.C. Moen,1,FC Sp. Heestert A,1,0,0,K.F.C. Moen - FC Sp. Heestert A,1528,1500,"0,54","0,46","0,5",1,1527,1501,"-0,0404","0,0404",0,2,2,1,1,4,2,3,12
https://www.rbfa.be/nl/wedstrijd/6749243,7/09/2024,Zwevegem Sport,1,S.V. Wevelgem City A,0,0,0,Zwevegem Sport - S.V. Wevelgem City A,1523,1515,"0,51","0,49",1,1,1537,1500,"0,4892","-0,4892",1,2,2,3,0,6,3,1,7
https://www.rbfa.be/nl/wedstrijd/6749248,7/09/2024,K. SV Bredene A,4,K. Exc. Zedelgem,1,0,0,K. SV Bredene A - K. Exc. Zedelgem,1500,1485,"0,52","0,48",1,"1,75",1525,1460,"0,6900","-0,6900",3,2,2,3,0,4,0,3,13
https://www.rbfa.be/nl/wedstrijd/6749247,7/09/2024,K. SV Rumbeke,2,K. FC Marke A,0,0,0,K. SV Rumbeke - K. FC Marke A,1515,1478,"0,55","0,45",1,"1,5",1535,1457,"0,5622","-0,5622",2,2,2,3,0,6,0,1,13
https://www.rbfa.be/nl/wedstrijd/6749246,7/09/2024,K. WS Houthulst A,2,Jong Male K.V.V.,0,0,0,K. WS Houthulst A - Jong Male K.V.V.,1485,1472,"0,52","0,48",1,"1,5",1507,1450,"0,6062","-0,6062",2,2,2,3,0,3,0,7,13
https://www.rbfa.be/nl/wedstrijd/6749249,8/09/2024,K.R.C. Waregem A,1,K. Sassp. Boezinge A,2,0,0,K.R.C. Waregem A - K. Sassp. Boezinge A,1523,1500,"0,53","0,47",0,1,1507,1516,"-0,5323","0,5323",-1,2,2,0,3,3,4,7,3
https://www.rbfa.be/nl/wedstrijd/6749245,8/09/2024,K.S.K. Oostnieuwkerke,2,K. VC Ardooie A,1,0,0,K.S.K. Oostnieuwkerke - K. VC Ardooie A,1500,1526,"0,46","0,54",1,1,1516,1510,"0,5377","-0,5377",1,2,2,3,0,4,3,3,7
https://www.rbfa.be/nl/wedstrijd/6749250,8/09/2024,Club Roeselare,2,K. FC Varsenare A,0,0,0,Club Roeselare - K. FC Varsenare A,1474,1478,"0,49","0,51",1,"1,5",1496,1455,"0,6368","-0,6368",2,2,2,3,0,3,0,7,13
https://www.rbfa.be/nl/wedstrijd/6749251,14/09/2024,Zwevegem Sport,1,K. WS Houthulst A,0,0,0,Zwevegem Sport - K. WS Houthulst A,1537,1507,"0,54","0,46",1,1,1551,1493,"0,4562","-0,4562",1,3,3,3,0,9,3,1,10
https://www.rbfa.be/nl/wedstrijd/6749252,14/09/2024,K.F.C. Moen,1,K. FC Marke A,1,0,0,K.F.C. Moen - K. FC Marke A,1527,1457,"0,60","0,40","0,5",1,1524,1460,"-0,0987","0,0987",0,3,3,1,1,5,1,5,14
https://www.rbfa.be/nl/wedstrijd/6749253,14/09/2024,K.S.K. Oostnieuwkerke,0,FC Sp. Heestert A,1,0,0,K.S.K. Oostnieuwkerke - FC Sp. Heestert A,1516,1501,"0,52","0,48",0,1,1500,1517,"-0,5215","0,5215",-1,3,3,0,3,4,5,7,5
https://www.rbfa.be/nl/wedstrijd/6749255,14/09/2024,S.V. Wevelgem City A,1,K. SV Bredene A,0,0,0,S.V. Wevelgem City A - K. SV Bredene A,1500,1525,"0,46","0,54",1,1,1516,1509,"0,5356","-0,5356",1,3,3,3,0,6,4,4,7
https://www.rbfa.be/nl/wedstrijd/6749254,14/09/2024,K. Exc. Zedelgem,1,Club Roeselare,1,0,0,K. Exc. Zedelgem - Club Roeselare,1460,1496,"0,45","0,55","0,5",1,1461,1495,"0,0525","-0,0525",0,3,3,1,1,1,4,14,7
https://www.rbfa.be/nl/wedstrijd/6749256,14/09/2024,K. FC Varsenare A,2,K.R.C. Waregem A,1,0,0,K. FC Varsenare A - K.R.C. Waregem A,1455,1507,"0,43","0,57",1,1,1472,1489,"0,5740","-0,5740",1,3,3,3,0,3,3,10,10
https://www.rbfa.be/nl/wedstrijd/6749258,15/09/2024,Jong Male K.V.V.,1,K. SV Rumbeke,3,0,0,Jong Male K.V.V. - K. SV Rumbeke,1450,1535,"0,38","0,62",0,"1,5",1433,1552,"-0,4791","0,4791",-2,3,3,0,3,0,9,16,1
https://www.rbfa.be/nl/wedstrijd/6749257,15/09/2024,K. VC Ardooie A,1,K. Sassp. Boezinge A,3,0,0,K. VC Ardooie A - K. Sassp. Boezinge A,1510,1516,"0,49","0,51",0,"1,5",1488,1538,"-0,6194","0,6194",-2,3,3,0,3,3,7,10,3
https://www.rbfa.be/nl/wedstrijd/6749259,21/09/2024,K. Sassp. Boezinge A,0,Zwevegem Sport,0,0,0,K. Sassp. Boezinge A - Zwevegem Sport,1538,1551,"0,48","0,52","0,5",1,1539,1550,"0,0184","-0,0184",0,4,4,1,1,8,10,3,2
https://www.rbfa.be/nl/wedstrijd/6749260,21/09/2024,K. WS Houthulst A,1,K. Exc. Zedelgem,0,0,0,K. WS Houthulst A - K. Exc. Zedelgem,1493,1461,"0,55","0,45",1,1,1507,1448,"0,4548","-0,4548",1,4,4,3,0,6,1,8,16
https://www.rbfa.be/nl/wedstrijd/6749261,21/09/2024,K. SV Rumbeke,2,K. FC Varsenare A,0,0,0,K. SV Rumbeke - K. FC Varsenare A,1552,1472,"0,61","0,39",1,"1,5",1570,1455,"0,4870","-0,4870",2,4,4,3,0,12,3,1,11
https://www.rbfa.be/nl/wedstrijd/6749266,22/09/2024,Club Roeselare,5,K.F.C. Moen,3,0,0,Club Roeselare - K.F.C. Moen,1495,1524,"0,46","0,54",1,"1,5",1519,1500,"0,6825","-0,6825",2,4,4,3,0,7,5,5,9
https://www.rbfa.be/nl/wedstrijd/6749263,22/09/2024,K.R.C. Waregem A,0,Jong Male K.V.V.,1,0,0,K.R.C. Waregem A - Jong Male K.V.V.,1489,1433,"0,58","0,42",0,1,1472,1451,"-0,5802","0,5802",-1,4,4,0,3,3,3,11,11
https://www.rbfa.be/nl/wedstrijd/6749262,22/09/2024,K. SV Bredene A,3,K.S.K. Oostnieuwkerke,1,0,0,K. SV Bredene A - K.S.K. Oostnieuwkerke,1509,1500,"0,51","0,49",1,"1,5",1531,1479,"0,6144","-0,6144",2,4,4,3,0,7,4,5,10
https://www.rbfa.be/nl/wedstrijd/6749264,22/09/2024,K. FC Marke A,1,S.V. Wevelgem City A,1,0,0,K. FC Marke A - S.V. Wevelgem City A,1460,1516,"0,42","0,58","0,5",1,1463,1514,"0,0799","-0,0799",0,4,4,1,1,2,7,15,5
https://www.rbfa.be/nl/wedstrijd/6749265,22/09/2024,FC Sp. Heestert A,3,K. VC Ardooie A,1,0,0,FC Sp. Heestert A - K. VC Ardooie A,1517,1488,"0,54","0,46",1,"1,5",1537,1467,"0,5778","-0,5778",2,4,4,3,0,8,3,3,11
https://www.rbfa.be/nl/wedstrijd/6749267,28/09/2024,Zwevegem Sport,1,K. FC Marke A,2,0,0,Zwevegem Sport - K. FC Marke A,1550,1463,"0,62","0,38",0,1,1532,1481,"-0,6234","0,6234",-1,5,5,0,3,10,5,3,12
https://www.rbfa.be/nl/wedstrijd/6749270,28/09/2024,K. Exc. Zedelgem,1,K. FC Varsenare A,3,0,0,K. Exc. Zedelgem - K. FC Varsenare A,1448,1455,"0,49","0,51",0,"1,5",1426,1477,"-0,6177","0,6177",-2,5,5,0,3,1,6,16,8
https://www.rbfa.be/nl/wedstrijd/6749268,28/09/2024,K.F.C. Moen,1,K. Sassp. Boezinge A,1,0,0,K.F.C. Moen - K. Sassp. Boezinge A,1500,1539,"0,44","0,56","0,5",1,1501,1537,"0,0560","-0,0560",0,5,5,1,1,6,9,8,5
https://www.rbfa.be/nl/wedstrijd/6749271,28/09/2024,K. WS Houthulst A,0,K.R.C. Waregem A,1,0,0,K. WS Houthulst A - K.R.C. Waregem A,1507,1472,"0,55","0,45",0,1,1490,1488,"-0,5498","0,5498",-1,5,5,0,3,6,6,8,8
https://www.rbfa.be/nl/wedstrijd/6749269,28/09/2024,K.S.K. Oostnieuwkerke,2,K. SV Rumbeke,4,0,0,K.S.K. Oostnieuwkerke - K. SV Rumbeke,1479,1570,"0,37","0,63",0,"1,5",1462,1586,"-0,4686","0,4686",-2,5,5,0,3,4,15,13,1
https://www.rbfa.be/nl/wedstrijd/6749272,28/09/2024,S.V. Wevelgem City A,0,FC Sp. Heestert A,2,0,0,S.V. Wevelgem City A - FC Sp. Heestert A,1514,1537,"0,47","0,53",0,"1,5",1493,1558,"-0,5874","0,5874",-2,5,5,0,3,7,11,6,2
https://www.rbfa.be/nl/wedstrijd/6749273,29/09/2024,Club Roeselare,0,K. SV Bredene A,1,0,0,Club Roeselare - K. SV Bredene A,1519,1531,"0,48","0,52",0,1,1505,1545,"-0,4832","0,4832",-1,5,5,0,3,7,10,6,3
https://www.rbfa.be/nl/wedstrijd/6749274,29/09/2024,Jong Male K.V.V.,0,K. VC Ardooie A,0,0,0,Jong Male K.V.V. - K. VC Ardooie A,1451,1467,"0,48","0,52","0,5",1,1451,1467,"0,0242","-0,0242",0,5,5,1,1,4,4,13,13
https://www.rbfa.be/nl/wedstrijd/6749276,5/10/2024,K. SV Rumbeke,3,K.F.C. Moen,1,0,0,K. SV Rumbeke - K.F.C. Moen,1586,1501,"0,62","0,38",1,"1,5",1603,1484,"0,4787","-0,4787",2,6,6,3,0,18,6,1,10
https://www.rbfa.be/nl/wedstrijd/6749282,5/10/2024,FC Sp. Heestert A,3,Club Roeselare,2,0,0,FC Sp. Heestert A - Club Roeselare,1558,1505,"0,58","0,42",1,1,1571,1492,"0,4234","-0,4234",1,6,6,3,0,14,7,2,7
https://www.rbfa.be/nl/wedstrijd/6749277,5/10/2024,K. FC Varsenare A,2,Jong Male K.V.V.,2,0,0,K. FC Varsenare A - Jong Male K.V.V.,1477,1451,"0,54","0,46","0,5",1,1476,1452,"-0,0365","0,0365",0,6,6,1,1,7,5,7,13
https://www.rbfa.be/nl/wedstrijd/6749281,6/10/2024,K. FC Marke A,2,K.S.K. Oostnieuwkerke,2,0,0,K. FC Marke A - K.S.K. Oostnieuwkerke,1481,1462,"0,53","0,47","0,5",1,1481,1463,"-0,0283","0,0283",0,6,6,1,1,6,5,10,13
https://www.rbfa.be/nl/wedstrijd/6749278,6/10/2024,K. VC Ardooie A,0,Zwevegem Sport,2,0,0,K. VC Ardooie A - Zwevegem Sport,1467,1532,"0,41","0,59",0,"1,5",1448,1550,"-0,5135","0,5135",-2,6,6,0,3,4,13,15,3
https://www.rbfa.be/nl/wedstrijd/6749279,6/10/2024,K. SV Bredene A,3,K. WS Houthulst A,0,0,0,K. SV Bredene A - K. WS Houthulst A,1545,1490,"0,58","0,42",1,"1,75",1568,1468,"0,6072","-0,6072",3,6,6,3,0,13,6,3,10
https://www.rbfa.be/nl/wedstrijd/6749280,6/10/2024,K.R.C. Waregem A,2,S.V. Wevelgem City A,2,0,0,K.R.C. Waregem A - S.V. Wevelgem City A,1488,1493,"0,49","0,51","0,5",1,1489,1493,"0,0066","-0,0066",0,6,6,1,1,7,8,7,6
https://www.rbfa.be/nl/wedstrijd/6749275,6/10/2024,K. Sassp. Boezinge A,5,K. Exc. Zedelgem,0,0,0,K. Sassp. Boezinge A - K. Exc. Zedelgem,1537,1426,"0,65","0,35",1,2,1558,1405,"0,5903","-0,5903",5,6,6,3,0,12,1,5,16
https://www.rbfa.be/nl/wedstrijd/6749283,12/10/2024,Zwevegem Sport,1,FC Sp. Heestert A,1,0,0,Zwevegem Sport - FC Sp. Heestert A,1550,1571,"0,47","0,53","0,5",1,1551,1570,"0,0305","-0,0305",0,7,7,1,1,14,15,4,2
https://www.rbfa.be/nl/wedstrijd/6749286,12/10/2024,K. SV Rumbeke,2,K.R.C. Waregem A,0,0,0,K. SV Rumbeke - K.R.C. Waregem A,1603,1489,"0,66","0,34",1,"1,5",1619,1473,"0,4290","-0,4290",2,7,7,3,0,21,7,1,9
https://www.rbfa.be/nl/wedstrijd/6749287,12/10/2024,S.V. Wevelgem City A,2,K. Exc. Zedelgem,3,0,0,S.V. Wevelgem City A - K. Exc. Zedelgem,1493,1405,"0,62","0,38",0,1,1474,1424,"-0,6237","0,6237",-1,7,7,0,3,8,4,7,16
https://www.rbfa.be/nl/wedstrijd/6749284,12/10/2024,K.F.C. Moen,4,K. WS Houthulst A,0,0,0,K.F.C. Moen - K. WS Houthulst A,1484,1468,"0,52","0,48",1,"1,875",1511,1441,"0,7568","-0,7568",4,7,7,3,0,9,6,6,14
https://www.rbfa.be/nl/wedstrijd/6749288,12/10/2024,K. FC Varsenare A,0,K. Sassp. Boezinge A,1,0,0,K. FC Varsenare A - K. Sassp. Boezinge A,1476,1558,"0,38","0,62",0,1,1464,1569,"-0,3840","0,3840",-1,7,7,0,3,7,15,9,2
https://www.rbfa.be/nl/wedstrijd/6749289,12/10/2024,K. VC Ardooie A,3,K. SV Bredene A,1,0,0,K. VC Ardooie A - K. SV Bredene A,1448,1568,"0,33","0,67",1,"1,5",1478,1538,"0,8381","-0,8381",2,7,7,3,0,7,13,9,5
https://www.rbfa.be/nl/wedstrijd/6749290,13/10/2024,Jong Male K.V.V.,2,K. FC Marke A,2,0,0,Jong Male K.V.V. - K. FC Marke A,1452,1481,"0,46","0,54","0,5",1,1454,1479,"0,0406","-0,0406",0,7,7,1,1,6,7,14,9
https://www.rbfa.be/nl/wedstrijd/6749285,13/10/2024,K.S.K. Oostnieuwkerke,4,Club Roeselare,2,0,0,K.S.K. Oostnieuwkerke - Club Roeselare,1463,1492,"0,46","0,54",1,"1,5",1487,1468,"0,6832","-0,6832",2,7,7,3,0,8,7,7,9
https://www.rbfa.be/nl/wedstrijd/6749291,19/10/2024,K. Sassp. Boezinge A,2,Jong Male K.V.V.,1,0,0,K. Sassp. Boezinge A - Jong Male K.V.V.,1569,1454,"0,66","0,34",1,1,1579,1443,"0,3395","-0,3395",1,8,8,3,0,18,6,2,15
https://www.rbfa.be/nl/wedstrijd/6749292,19/10/2024,K. Exc. Zedelgem,2,Zwevegem Sport,1,0,0,K. Exc. Zedelgem - Zwevegem Sport,1424,1551,"0,32","0,68",1,1,1444,1531,"0,6752","-0,6752",1,8,8,3,0,7,14,13,4
https://www.rbfa.be/nl/wedstrijd/6749294,19/10/2024,S.V. Wevelgem City A,1,K.S.K. Oostnieuwkerke,1,0,0,S.V. Wevelgem City A - K.S.K. Oostnieuwkerke,1474,1487,"0,48","0,52","0,5",1,1475,1486,"0,0186","-0,0186",0,8,8,1,1,9,9,8,8
https://www.rbfa.be/nl/wedstrijd/6749293,19/10/2024,K. WS Houthulst A,1,K. SV Rumbeke,2,0,0,K. WS Houthulst A - K. SV Rumbeke,1441,1619,"0,26","0,74",0,1,1433,1627,"-0,2646","0,2646",-1,8,8,0,3,6,24,15,1
https://www.rbfa.be/nl/wedstrijd/6749297,20/10/2024,FC Sp. Heestert A,1,K. FC Varsenare A,1,0,0,FC Sp. Heestert A - K. FC Varsenare A,1570,1464,"0,65","0,35","0,5",1,1566,1468,"-0,1483","0,1483",0,8,8,1,1,16,8,3,10
https://www.rbfa.be/nl/wedstrijd/6749295,20/10/2024,K. SV Bredene A,2,K.F.C. Moen,3,0,0,K. SV Bredene A - K.F.C. Moen,1538,1511,"0,54","0,46",0,1,1522,1527,"-0,5383","0,5383",-1,8,8,0,3,13,12,5,6
https://www.rbfa.be/nl/wedstrijd/6749296,20/10/2024,K. FC Marke A,1,K. VC Ardooie A,1,0,0,K. FC Marke A - K. VC Ardooie A,1479,1478,"0,50","0,50","0,5",1,1479,1478,"-0,0017","0,0017",0,8,8,1,1,8,8,10,10
https://www.rbfa.be/nl/wedstrijd/6749298,20/10/2024,Club Roeselare,1,K.R.C. Waregem A,2,0,0,Club Roeselare - K.R.C. Waregem A,1468,1473,"0,49","0,51",0,1,1453,1488,"-0,4920","0,4920",-1,8,8,0,3,7,10,13,7
https://www.rbfa.be/nl/wedstrijd/6749299,26/10/2024,Zwevegem Sport,2,K. SV Bredene A,1,0,0,Zwevegem Sport - K. SV Bredene A,1531,1522,"0,51","0,49",1,1,1545,1507,"0,4869","-0,4869",1,9,9,3,0,17,13,3,5
https://www.rbfa.be/nl/wedstrijd/6749300,26/10/2024,K. Sassp. Boezinge A,2,S.V. Wevelgem City A,1,0,0,K. Sassp. Boezinge A - S.V. Wevelgem City A,1579,1475,"0,65","0,35",1,1,1590,1464,"0,3537","-0,3537",1,9,9,3,0,21,9,2,10
https://www.rbfa.be/nl/wedstrijd/6749301,26/10/2024,K.S.K. Oostnieuwkerke,2,K. Exc. Zedelgem,3,0,0,K.S.K. Oostnieuwkerke - K. Exc. Zedelgem,1486,1444,"0,56","0,44",0,1,1470,1461,"-0,5608","0,5608",-1,9,9,0,3,9,10,10,9
https://www.rbfa.be/nl/wedstrijd/6749302,26/10/2024,K. SV Rumbeke,8,FC Sp. Heestert A,2,0,0,K. SV Rumbeke - FC Sp. Heestert A,1627,1566,"0,59","0,41",1,"2,125",1653,1539,"0,7510","-0,7510",6,9,9,3,0,27,16,1,4
https://www.rbfa.be/nl/wedstrijd/6749303,26/10/2024,K. FC Varsenare A,0,K. FC Marke A,1,0,0,K. FC Varsenare A - K. FC Marke A,1468,1479,"0,48","0,52",0,1,1454,1494,"-0,4843","0,4843",-1,9,9,0,3,8,11,13,8
https://www.rbfa.be/nl/wedstrijd/6749304,27/10/2024,K. VC Ardooie A,2,K. WS Houthulst A,3,0,0,K. VC Ardooie A - K. WS Houthulst A,1478,1433,"0,56","0,44",0,1,1461,1450,"-0,5644","0,5644",-1,9,9,0,3,8,9,13,10
https://www.rbfa.be/nl/wedstrijd/6749306,27/10/2024,Jong Male K.V.V.,2,Club Roeselare,2,0,0,Jong Male K.V.V. - Club Roeselare,1443,1453,"0,49","0,51","0,5",1,1444,1453,"0,0138","-0,0138",0,9,9,1,1,7,8,16,13
https://www.rbfa.be/nl/wedstrijd/6749305,27/10/2024,K.R.C. Waregem A,4,K.F.C. Moen,1,0,0,K.R.C. Waregem A - K.F.C. Moen,1488,1527,"0,44","0,56",1,"1,75",1517,1498,"0,8019","-0,8019",3,9,9,3,0,13,12,5,7
https://www.rbfa.be/nl/wedstrijd/6749310,2/11/2024,S.V. Wevelgem City A,3,K. SV Rumbeke,2,0,0,S.V. Wevelgem City A - K. SV Rumbeke,1464,1653,"0,25","0,75",1,1,1486,1631,"0,7480","-0,7480",1,10,10,3,0,12,27,7,1
https://www.rbfa.be/nl/wedstrijd/6749307,2/11/2024,K.F.C. Moen,0,K.S.K. Oostnieuwkerke,1,0,0,K.F.C. Moen - K.S.K. Oostnieuwkerke,1498,1470,"0,54","0,46",0,1,1482,1486,"-0,5406","0,5406",-1,10,10,0,3,12,12,7,7
https://www.rbfa.be/nl/wedstrijd/6749314,2/11/2024,FC Sp. Heestert A,1,Jong Male K.V.V.,3,0,0,FC Sp. Heestert A - Jong Male K.V.V.,1539,1444,"0,63","0,37",0,"1,5",1511,1472,"-0,7992","0,7992",-2,10,10,0,3,16,10,4,13
https://www.rbfa.be/nl/wedstrijd/6749309,2/11/2024,K. WS Houthulst A,0,K. FC Varsenare A,1,0,0,K. WS Houthulst A - K. FC Varsenare A,1450,1454,"0,49","0,51",0,1,1435,1469,"-0,4946","0,4946",-1,10,10,0,3,9,11,14,11
https://www.rbfa.be/nl/wedstrijd/6749308,2/11/2024,K. Exc. Zedelgem,2,K. VC Ardooie A,2,0,0,K. Exc. Zedelgem - K. VC Ardooie A,1461,1461,"0,50","0,50","0,5",1,1461,1461,"0,0007","-0,0007",0,10,10,1,1,11,9,11,14
https://www.rbfa.be/nl/wedstrijd/6749312,3/11/2024,K. SV Bredene A,1,K.R.C. Waregem A,0,0,0,K. SV Bredene A - K.R.C. Waregem A,1507,1517,"0,49","0,51",1,1,1522,1502,"0,5149","-0,5149",1,10,10,3,0,16,13,4,6
https://www.rbfa.be/nl/wedstrijd/6749311,3/11/2024,Club Roeselare,0,Zwevegem Sport,1,0,0,Club Roeselare - Zwevegem Sport,1453,1545,"0,37","0,63",0,1,1441,1556,"-0,3697","0,3697",-1,10,10,0,3,8,20,16,3
https://www.rbfa.be/nl/wedstrijd/6749313,3/11/2024,K. FC Marke A,1,K. Sassp. Boezinge A,1,0,0,K. FC Marke A - K. Sassp. Boezinge A,1494,1590,"0,37","0,63","0,5",1,1498,1586,"0,1349","-0,1349",0,10,10,1,1,12,22,7,2
https://www.rbfa.be/nl/wedstrijd/6749315,9/11/2024,Zwevegem Sport,5,K.S.K. Oostnieuwkerke,0,0,0,Zwevegem Sport - K.S.K. Oostnieuwkerke,1556,1486,"0,60","0,40",1,2,1580,1462,"0,6840","-0,6840",5,11,11,3,0,23,12,3,11
https://www.rbfa.be/nl/wedstrijd/6749316,9/11/2024,K. Sassp. Boezinge A,4,K. WS Houthulst A,0,0,0,K. Sassp. Boezinge A - K. WS Houthulst A,1586,1435,"0,70","0,30",1,"1,875",1603,1419,"0,4697","-0,4697",4,11,11,3,0,25,9,2,14
https://www.rbfa.be/nl/wedstrijd/6749317,9/11/2024,K. SV Rumbeke,5,K. SV Bredene A,1,0,0,K. SV Rumbeke - K. SV Bredene A,1631,1522,"0,65","0,35",1,"1,875",1650,1503,"0,5541","-0,5541",4,11,11,3,0,30,16,1,4
https://www.rbfa.be/nl/wedstrijd/6749318,9/11/2024,K. FC Varsenare A,2,K.F.C. Moen,2,0,0,K. FC Varsenare A - K.F.C. Moen,1469,1482,"0,48","0,52","0,5",1,1469,1481,"0,0186","-0,0186",0,11,11,1,1,12,13,11,10
https://www.rbfa.be/nl/wedstrijd/6749319,10/11/2024,K. VC Ardooie A,1,S.V. Wevelgem City A,3,0,0,K. VC Ardooie A - S.V. Wevelgem City A,1461,1486,"0,46","0,54",0,"1,5",1440,1507,"-0,5844","0,5844",-2,11,11,0,3,9,15,14,7
https://www.rbfa.be/nl/wedstrijd/6749321,10/11/2024,K. FC Marke A,2,Club Roeselare,1,0,0,K. FC Marke A - Club Roeselare,1498,1441,"0,58","0,42",1,1,1511,1429,"0,4194","-0,4194",1,11,11,3,0,15,8,7,16
https://www.rbfa.be/nl/wedstrijd/6749322,10/11/2024,Jong Male K.V.V.,0,K. Exc. Zedelgem,2,0,0,Jong Male K.V.V. - K. Exc. Zedelgem,1472,1461,"0,52","0,48",0,"1,5",1449,1484,"-0,6508","0,6508",-2,11,11,0,3,10,14,13,9
https://www.rbfa.be/nl/wedstrijd/6749320,10/11/2024,K.R.C. Waregem A,2,FC Sp. Heestert A,1,0,0,K.R.C. Waregem A - FC Sp. Heestert A,1502,1511,"0,49","0,51",1,1,1517,1496,"0,5131","-0,5131",1,11,11,3,0,16,16,4,4
https://www.rbfa.be/nl/wedstrijd/6749324,16/11/2024,K.F.C. Moen,2,K. VC Ardooie A,4,0,0,K.F.C. Moen - K. VC Ardooie A,1481,1440,"0,56","0,44",0,"1,5",1456,1466,"-0,7034","0,7034",-2,12,12,0,3,13,12,11,13
https://www.rbfa.be/nl/wedstrijd/6749325,16/11/2024,K.S.K. Oostnieuwkerke,0,K. FC Varsenare A,3,0,0,K.S.K. Oostnieuwkerke - K. FC Varsenare A,1462,1469,"0,49","0,51",0,"1,75",1436,1495,"-0,7057","0,7057",-3,12,12,0,3,12,15,13,8
https://www.rbfa.be/nl/wedstrijd/6749326,16/11/2024,K. Exc. Zedelgem,0,K. FC Marke A,1,0,0,K. Exc. Zedelgem - K. FC Marke A,1484,1511,"0,46","0,54",0,1,1470,1524,"-0,4620","0,4620",-1,12,12,0,3,14,18,10,6
https://www.rbfa.be/nl/wedstrijd/6749328,16/11/2024,S.V. Wevelgem City A,1,Jong Male K.V.V.,2,0,0,S.V. Wevelgem City A - Jong Male K.V.V.,1507,1449,"0,58","0,42",0,1,1490,1467,"-0,5831","0,5831",-1,12,12,0,3,15,13,8,11
https://www.rbfa.be/nl/wedstrijd/6749323,16/11/2024,Zwevegem Sport,2,K.R.C. Waregem A,3,0,0,Zwevegem Sport - K.R.C. Waregem A,1580,1517,"0,59","0,41",0,1,1563,1535,"-0,5899","0,5899",-1,12,12,0,3,23,19,3,4
https://www.rbfa.be/nl/wedstrijd/6749327,17/11/2024,K. WS Houthulst A,2,FC Sp. Heestert A,3,0,0,K. WS Houthulst A - FC Sp. Heestert A,1419,1496,"0,39","0,61",0,1,1407,1507,"-0,3912","0,3912",-1,12,12,0,3,9,19,15,4
https://www.rbfa.be/nl/wedstrijd/6749330,17/11/2024,K. SV Bredene A,1,K. Sassp. Boezinge A,6,0,0,K. SV Bredene A - K. Sassp. Boezinge A,1503,1603,"0,36","0,64",0,2,1481,1624,"-0,6158","0,6158",-5,12,12,0,3,16,28,7,2
https://www.rbfa.be/nl/wedstrijd/6749329,17/11/2024,Club Roeselare,1,K. SV Rumbeke,2,0,0,Club Roeselare - K. SV Rumbeke,1429,1650,"0,22","0,78",0,1,1422,1657,"-0,2185","0,2185",-1,12,12,0,3,8,33,16,1
https://www.rbfa.be/nl/wedstrijd/6749331,23/11/2024,K.F.C. Moen,1,K. Exc. Zedelgem,0,0,0,K.F.C. Moen - K. Exc. Zedelgem,1456,1470,"0,48","0,52",1,1,1472,1455,"0,5204","-0,5204",1,13,13,3,0,16,14,8,12
https://www.rbfa.be/nl/wedstrijd/6749332,23/11/2024,K. SV Rumbeke,5,Zwevegem Sport,0,0,0,K. SV Rumbeke - Zwevegem Sport,1657,1563,"0,63","0,37",1,2,1679,1541,"0,6288","-0,6288",5,13,13,3,0,36,23,1,3
https://www.rbfa.be/nl/wedstrijd/6749337,23/11/2024,FC Sp. Heestert A,1,K. Sassp. Boezinge A,2,0,0,FC Sp. Heestert A - K. Sassp. Boezinge A,1507,1624,"0,34","0,66",0,1,1497,1634,"-0,3378","0,3378",-1,13,13,0,3,19,31,6,2
https://www.rbfa.be/nl/wedstrijd/6749333,23/11/2024,K. FC Varsenare A,1,K. SV Bredene A,0,0,0,K. FC Varsenare A - K. SV Bredene A,1495,1481,"0,52","0,48",1,1,1509,1467,"0,4800","-0,4800",1,13,13,3,0,18,16,7,8
https://www.rbfa.be/nl/wedstrijd/6749338,24/11/2024,Jong Male K.V.V.,1,K.S.K. Oostnieuwkerke,2,0,0,Jong Male K.V.V. - K.S.K. Oostnieuwkerke,1467,1436,"0,54","0,46",0,1,1450,1453,"-0,5436","0,5436",-1,13,13,0,3,13,15,13,10
https://www.rbfa.be/nl/wedstrijd/6749335,24/11/2024,K.R.C. Waregem A,1,K. VC Ardooie A,0,0,0,K.R.C. Waregem A - K. VC Ardooie A,1535,1466,"0,60","0,40",1,1,1547,1454,"0,4016","-0,4016",1,13,13,3,0,22,12,4,14
https://www.rbfa.be/nl/wedstrijd/6749334,24/11/2024,Club Roeselare,3,S.V. Wevelgem City A,0,0,0,Club Roeselare - S.V. Wevelgem City A,1422,1490,"0,40","0,60",1,"1,75",1454,1459,"0,8596","-0,8596",3,13,13,3,0,11,15,15,10
https://www.rbfa.be/nl/wedstrijd/6749336,24/11/2024,K. FC Marke A,4,K. WS Houthulst A,2,0,0,K. FC Marke A - K. WS Houthulst A,1524,1407,"0,66","0,34",1,"1,5",1540,1392,"0,4248","-0,4248",2,13,13,3,0,21,9,5,16
https://www.rbfa.be/nl/wedstrijd/6749339,30/11/2024,Zwevegem Sport,1,Jong Male K.V.V.,0,0,0,Zwevegem Sport - Jong Male K.V.V.,1541,1450,"0,63","0,37",1,1,1552,1439,"0,3729","-0,3729",1,14,14,3,0,26,13,3,13
https://www.rbfa.be/nl/wedstrijd/6749340,30/11/2024,K. Sassp. Boezinge A,2,K. SV Rumbeke,2,0,0,K. Sassp. Boezinge A - K. SV Rumbeke,1634,1679,"0,44","0,56","0,5",1,1636,1677,"0,0637","-0,0637",0,14,14,1,1,32,37,2,1
https://www.rbfa.be/nl/wedstrijd/6749343,30/11/2024,K. WS Houthulst A,2,Club Roeselare,2,0,0,K. WS Houthulst A - Club Roeselare,1392,1454,"0,41","0,59","0,5",1,1394,1451,"0,0880","-0,0880",0,14,14,1,1,10,12,16,15
https://www.rbfa.be/nl/wedstrijd/6749342,30/11/2024,K. Exc. Zedelgem,0,FC Sp. Heestert A,4,0,0,K. Exc. Zedelgem - FC Sp. Heestert A,1455,1497,"0,44","0,56",0,"1,875",1430,1522,"-0,6971","0,6971",-4,14,14,0,3,14,22,12,5
https://www.rbfa.be/nl/wedstrijd/6749341,30/11/2024,K.S.K. Oostnieuwkerke,0,K.R.C. Waregem A,0,0,0,K.S.K. Oostnieuwkerke - K.R.C. Waregem A,1453,1547,"0,37","0,63","0,5",1,1456,1543,"0,1326","-0,1326",0,14,14,1,1,16,23,10,4
https://www.rbfa.be/nl/wedstrijd/6749345,1/12/2024,K. VC Ardooie A,1,K. FC Varsenare A,1,0,0,K. VC Ardooie A - K. FC Varsenare A,1454,1509,"0,42","0,58","0,5",1,1456,1507,"0,0798","-0,0798",0,14,14,1,1,13,19,13,7
https://www.rbfa.be/nl/wedstrijd/6749346,1/12/2024,K. SV Bredene A,2,K. FC Marke A,0,0,0,K. SV Bredene A - K. FC Marke A,1467,1540,"0,40","0,60",1,"1,5",1494,1512,"0,7601","-0,7601",2,14,14,3,0,19,21,7,6
https://www.rbfa.be/nl/wedstrijd/6749344,1/12/2024,S.V. Wevelgem City A,3,K.F.C. Moen,1,0,0,S.V. Wevelgem City A - K.F.C. Moen,1459,1472,"0,48","0,52",1,"1,5",1482,1448,"0,6536","-0,6536",2,14,14,3,0,18,16,9,10
https://www.rbfa.be/nl/wedstrijd/6749348,7/12/2024,K.S.K. Oostnieuwkerke,1,K. WS Houthulst A,2,0,0,K.S.K. Oostnieuwkerke - K. WS Houthulst A,1456,1394,"0,59","0,41",0,1,1439,1412,"-0,5884","0,5884",-1,15,15,0,3,16,13,10,14
https://www.rbfa.be/nl/wedstrijd/6749350,7/12/2024,K. FC Varsenare A,1,S.V. Wevelgem City A,2,0,0,K. FC Varsenare A - S.V. Wevelgem City A,1507,1482,"0,54","0,46",0,1,1491,1498,"-0,5361","0,5361",-1,15,15,0,3,19,21,8,7
https://www.rbfa.be/nl/wedstrijd/6749349,7/12/2024,K. SV Rumbeke,1,K. VC Ardooie A,0,0,0,K. SV Rumbeke - K. VC Ardooie A,1677,1456,"0,78","0,22",1,1,1683,1449,"0,2189","-0,2189",1,15,15,3,0,40,13,1,14
https://www.rbfa.be/nl/wedstrijd/6749352,8/12/2024,K.R.C. Waregem A,2,K. Exc. Zedelgem,0,0,0,K.R.C. Waregem A - K. Exc. Zedelgem,1543,1430,"0,66","0,34",1,"1,5",1558,1414,"0,4320","-0,4320",2,15,15,3,0,26,14,4,13
https://www.rbfa.be/nl/wedstrijd/6749353,8/12/2024,FC Sp. Heestert A,2,K. FC Marke A,2,0,0,FC Sp. Heestert A - K. FC Marke A,1522,1512,"0,51","0,49","0,5",1,1521,1513,"-0,0136","0,0136",0,15,15,1,1,23,22,5,6
https://www.rbfa.be/nl/wedstrijd/6749354,8/12/2024,Jong Male K.V.V.,3,K. SV Bredene A,0,0,0,Jong Male K.V.V. - K. SV Bredene A,1439,1494,"0,42","0,58",1,"1,75",1469,1463,"0,8339","-0,8339",3,15,15,3,0,16,19,10,8
https://www.rbfa.be/nl/wedstrijd/6749351,8/12/2024,Club Roeselare,0,K. Sassp. Boezinge A,4,0,0,Club Roeselare - K. Sassp. Boezinge A,1451,1636,"0,26","0,74",0,"1,875",1437,1651,"-0,4064","0,4064",-4,15,15,0,3,12,35,16,2
https://www.rbfa.be/nl/wedstrijd/6749347,8/12/2024,K.F.C. Moen,0,Zwevegem Sport,4,0,0,K.F.C. Moen - Zwevegem Sport,1448,1552,"0,36","0,64",0,"1,875",1428,1572,"-0,5641","0,5641",-4,15,15,0,3,16,29,10,3
https://www.rbfa.be/nl/wedstrijd/6749355,14/12/2024,K. Sassp. Boezinge A,2,K. FC Varsenare A,1,0,0,K. Sassp. Boezinge A - K. FC Varsenare A,1651,1491,"0,71","0,29",1,1,1659,1482,"0,2851","-0,2851",1,16,16,3,0,38,19,2,9
https://www.rbfa.be/nl/wedstrijd/6749358,14/12/2024,S.V. Wevelgem City A,1,K.R.C. Waregem A,3,0,0,S.V. Wevelgem City A - K.R.C. Waregem A,1498,1558,"0,41","0,59",0,"1,5",1479,1577,"-0,5216","0,5216",-2,16,16,0,3,21,29,8,4
https://www.rbfa.be/nl/wedstrijd/6749356,14/12/2024,K. WS Houthulst A,2,K.F.C. Moen,3,0,0,K. WS Houthulst A - K.F.C. Moen,1412,1428,"0,48","0,52",0,1,1398,1443,"-0,4767","0,4767",-1,16,16,0,3,13,19,14,9
https://www.rbfa.be/nl/wedstrijd/6749357,14/12/2024,K. SV Rumbeke,3,K. Exc. Zedelgem,1,0,0,K. SV Rumbeke - K. Exc. Zedelgem,1683,1414,"0,82","0,18",1,"1,5",1691,1407,"0,2209","-0,2209",2,16,16,3,0,43,14,1,13
https://www.rbfa.be/nl/wedstrijd/6749360,14/12/2024,K. SV Bredene A,3,Club Roeselare,0,0,0,K. SV Bredene A - Club Roeselare,1463,1437,"0,54","0,46",1,"1,75",1488,1412,"0,6653","-0,6653",3,16,16,3,0,22,12,7,16
https://www.rbfa.be/nl/wedstrijd/6749359,15/12/2024,K. VC Ardooie A,2,Jong Male K.V.V.,3,0,0,K. VC Ardooie A - Jong Male K.V.V.,1449,1469,"0,47","0,53",0,1,1435,1484,"-0,4711","0,4711",-1,16,16,0,3,13,19,14,9
https://www.rbfa.be/nl/wedstrijd/6749362,15/12/2024,FC Sp. Heestert A,5,K.S.K. Oostnieuwkerke,1,0,0,FC Sp. Heestert A - K.S.K. Oostnieuwkerke,1521,1439,"0,62","0,38",1,"1,875",1543,1417,"0,6085","-0,6085",4,16,16,3,0,26,16,5,12
https://www.rbfa.be/nl/wedstrijd/6749361,15/12/2024,K. FC Marke A,1,Zwevegem Sport,1,0,0,K. FC Marke A - Zwevegem Sport,1513,1572,"0,42","0,58","0,5",1,1515,1569,"0,0840","-0,0840",0,16,16,1,1,23,30,6,3
https://www.rbfa.be/nl/wedstrijd/6749366,11/01/2025,K. Exc. Zedelgem,1,K. Sassp. Boezinge A,3,0,0,K. Exc. Zedelgem - K. Sassp. Boezinge A,1407,1659,"0,19","0,81",0,"1,5",1398,1668,"-0,2386","0,2386",-2,17,17,0,3,14,41,15,2
https://www.rbfa.be/nl/wedstrijd/6749367,11/01/2025,K. WS Houthulst A,2,S.V. Wevelgem City A,2,0,0,K. WS Houthulst A - S.V. Wevelgem City A,1398,1479,"0,38","0,62","0,5",1,1401,1476,"0,1153","-0,1153",0,17,17,1,1,14,22,15,8
https://www.rbfa.be/nl/wedstrijd/6749365,11/01/2025,K.S.K. Oostnieuwkerke,2,K. SV Bredene A,2,0,0,K.S.K. Oostnieuwkerke - K. SV Bredene A,1417,1488,"0,40","0,60","0,5",1,1420,1485,"0,1000","-0,1000",0,17,17,1,1,17,23,12,6
https://www.rbfa.be/nl/wedstrijd/6749368,12/01/2025,K. VC Ardooie A,1,K. FC Marke A,0,0,0,K. VC Ardooie A - K. FC Marke A,1435,1515,"0,39","0,61",1,1,1454,1497,"0,6133","-0,6133",1,17,17,3,0,16,23,13,6
https://www.rbfa.be/nl/wedstrijd/6749370,12/01/2025,Jong Male K.V.V.,1,FC Sp. Heestert A,3,0,0,Jong Male K.V.V. - FC Sp. Heestert A,1484,1543,"0,42","0,58",0,"1,5",1465,1562,"-0,5233","0,5233",-2,17,17,0,3,19,29,11,4
https://www.rbfa.be/nl/wedstrijd/6749371,18/01/2025,K. Sassp. Boezinge A,2,K.R.C. Waregem A,1,0,0,K. Sassp. Boezinge A - K.R.C. Waregem A,1668,1577,"0,63","0,37",1,1,1679,1566,"0,3723","-0,3723",1,18,17,3,0,44,29,2,4
https://www.rbfa.be/nl/wedstrijd/6749373,18/01/2025,S.V. Wevelgem City A,1,K. VC Ardooie A,3,0,0,S.V. Wevelgem City A - K. VC Ardooie A,1476,1454,"0,53","0,47",0,"1,5",1452,1478,"-0,6703","0,6703",-2,18,18,0,3,22,19,9,11
https://www.rbfa.be/nl/wedstrijd/6749374,18/01/2025,K. FC Varsenare A,2,K. Exc. Zedelgem,2,0,0,K. FC Varsenare A - K. Exc. Zedelgem,1482,1398,"0,62","0,38","0,5",1,1479,1402,"-0,1190","0,1190",0,17,18,1,1,20,15,9,15
https://www.rbfa.be/nl/wedstrijd/6749372,18/01/2025,K. SV Rumbeke,4,K. WS Houthulst A,1,0,0,K. SV Rumbeke - K. WS Houthulst A,1691,1401,"0,84","0,16",1,"1,75",1700,1393,"0,2285","-0,2285",3,17,18,3,0,46,14,1,16
https://www.rbfa.be/nl/wedstrijd/6749375,19/01/2025,Club Roeselare,4,K.S.K. Oostnieuwkerke,2,0,0,Club Roeselare - K.S.K. Oostnieuwkerke,1412,1420,"0,49","0,51",1,"1,5",1435,1397,"0,6444","-0,6444",2,17,18,3,0,15,17,14,13
https://www.rbfa.be/nl/wedstrijd/6749376,19/01/2025,K. SV Bredene A,0,Zwevegem Sport,4,0,0,K. SV Bredene A - Zwevegem Sport,1485,1569,"0,38","0,62",0,"1,875",1463,1591,"-0,6044","0,6044",-4,18,17,0,3,23,33,7,3
https://www.rbfa.be/nl/wedstrijd/6749377,19/01/2025,K. FC Marke A,3,Jong Male K.V.V.,0,0,0,K. FC Marke A - Jong Male K.V.V.,1497,1465,"0,55","0,45",1,"1,75",1521,1441,"0,6548","-0,6548",3,18,18,3,0,26,19,6,11
https://www.rbfa.be/nl/wedstrijd/6749378,19/01/2025,FC Sp. Heestert A,2,K.F.C. Moen,2,0,0,FC Sp. Heestert A - K.F.C. Moen,1562,1443,"0,66","0,34","0,5",1,1557,1448,"-0,1649","0,1649",0,18,17,1,1,30,20,5,9
https://www.rbfa.be/nl/wedstrijd/6749379,25/01/2025,Zwevegem Sport,1,Club Roeselare,1,0,0,Zwevegem Sport - Club Roeselare,1591,1435,"0,71","0,29","0,5",1,1584,1442,"-0,2097","0,2097",0,18,18,1,1,34,16,3,14
https://www.rbfa.be/nl/wedstrijd/6749380,25/01/2025,K.F.C. Moen,4,K. FC Varsenare A,2,0,0,K.F.C. Moen - K. FC Varsenare A,1448,1479,"0,46","0,54",1,"1,5",1472,1454,"0,6865","-0,6865",2,18,18,3,0,23,20,7,10
https://www.rbfa.be/nl/wedstrijd/6749382,25/01/2025,K. WS Houthulst A,0,K. Sassp. Boezinge A,6,0,0,K. WS Houthulst A - K. Sassp. Boezinge A,1393,1679,"0,16","0,84",0,"2,125",1383,1689,"-0,2937","0,2937",-6,19,19,0,3,14,47,16,2
https://www.rbfa.be/nl/wedstrijd/6749381,25/01/2025,K. Exc. Zedelgem,5,K.S.K. Oostnieuwkerke,3,0,0,K. Exc. Zedelgem - K.S.K. Oostnieuwkerke,1402,1397,"0,51","0,49",1,"1,5",1424,1375,"0,6220","-0,6220",2,19,19,3,0,18,17,13,14
https://www.rbfa.be/nl/wedstrijd/6749383,26/01/2025,K. VC Ardooie A,0,FC Sp. Heestert A,3,0,0,K. VC Ardooie A - FC Sp. Heestert A,1478,1557,"0,39","0,61",0,"1,75",1457,1577,"-0,5596","0,5596",-3,19,19,0,3,19,33,11,4
https://www.rbfa.be/nl/wedstrijd/6749384,26/01/2025,K.R.C. Waregem A,2,K. SV Bredene A,0,0,0,K.R.C. Waregem A - K. SV Bredene A,1566,1463,"0,64","0,36",1,"1,5",1582,1447,"0,4493","-0,4493",2,18,19,3,0,32,23,4,8
https://www.rbfa.be/nl/wedstrijd/6749385,26/01/2025,K. FC Marke A,0,K. SV Rumbeke,3,0,0,K. FC Marke A - K. SV Rumbeke,1521,1700,"0,26","0,74",0,"1,75",1507,1714,"-0,3794","0,3794",-3,19,18,0,3,26,49,6,1
https://www.rbfa.be/nl/wedstrijd/6749386,26/01/2025,Jong Male K.V.V.,0,S.V. Wevelgem City A,1,0,0,Jong Male K.V.V. - S.V. Wevelgem City A,1441,1452,"0,48","0,52",0,1,1427,1467,"-0,4843","0,4843",-1,19,19,0,3,19,25,11,7
https://www.rbfa.be/nl/wedstrijd/6749387,1/02/2025,K. Sassp. Boezinge A,2,K. VC Ardooie A,0,0,0,K. Sassp. Boezinge A - K. VC Ardooie A,1689,1457,"0,79","0,21",1,"1,5",1699,1448,"0,2624","-0,2624",2,20,20,3,0,50,19,2,13
https://www.rbfa.be/nl/wedstrijd/6749389,1/02/2025,K. Exc. Zedelgem,4,K.F.C. Moen,1,0,0,K. Exc. Zedelgem - K.F.C. Moen,1424,1472,"0,43","0,57",1,"1,75",1454,1442,"0,8206","-0,8206",3,20,19,3,0,21,23,12,8
https://www.rbfa.be/nl/wedstrijd/6749393,1/02/2025,FC Sp. Heestert A,3,S.V. Wevelgem City A,3,0,0,FC Sp. Heestert A - S.V. Wevelgem City A,1577,1467,"0,65","0,35","0,5",1,1572,1471,"-0,1540","0,1540",0,20,20,1,1,34,26,4,7
https://www.rbfa.be/nl/wedstrijd/6749390,1/02/2025,K. FC Varsenare A,2,K. WS Houthulst A,1,0,0,K. FC Varsenare A - K. WS Houthulst A,1454,1383,"0,60","0,40",1,1,1466,1371,"0,3983","-0,3983",1,19,20,3,0,23,14,8,16
https://www.rbfa.be/nl/wedstrijd/6749394,2/02/2025,Club Roeselare,3,K. FC Marke A,3,0,0,Club Roeselare - K. FC Marke A,1442,1507,"0,41","0,59","0,5",1,1444,1504,"0,0929","-0,0929",0,19,20,1,1,17,27,14,6
https://www.rbfa.be/nl/wedstrijd/6749391,2/02/2025,K. SV Bredene A,0,K. SV Rumbeke,1,0,0,K. SV Bredene A - K. SV Rumbeke,1447,1714,"0,18","0,82",0,1,1442,1719,"-0,1776","0,1776",-1,20,19,0,3,23,52,10,1
https://www.rbfa.be/nl/wedstrijd/6749388,2/02/2025,K.S.K. Oostnieuwkerke,0,Jong Male K.V.V.,2,0,0,K.S.K. Oostnieuwkerke - Jong Male K.V.V.,1375,1427,"0,43","0,57",0,"1,5",1356,1446,"-0,5373","0,5373",-2,20,20,0,3,17,22,14,11
https://www.rbfa.be/nl/wedstrijd/6749392,2/02/2025,K.R.C. Waregem A,0,Zwevegem Sport,1,0,0,K.R.C. Waregem A - Zwevegem Sport,1582,1584,"0,50","0,50",0,1,1567,1599,"-0,4965","0,4965",-1,19,19,0,3,32,37,5,3
https://www.rbfa.be/nl/wedstrijd/6749401,8/02/2025,FC Sp. Heestert A,1,K. Exc. Zedelgem,0,0,0,FC Sp. Heestert A - K. Exc. Zedelgem,1572,1454,"0,66","0,34",1,1,1583,1444,"0,3355","-0,3355",1,21,21,3,0,37,21,4,12
https://www.rbfa.be/nl/wedstrijd/6749397,8/02/2025,K. SV Rumbeke,9,K.S.K. Oostnieuwkerke,0,0,0,K. SV Rumbeke - K.S.K. Oostnieuwkerke,1719,1356,"0,89","0,11",1,"2,5",1727,1348,"0,2291","-0,2291",9,20,21,3,0,55,17,1,15
https://www.rbfa.be/nl/wedstrijd/6749395,9/02/2025,K.F.C. Moen,2,Club Roeselare,1,0,0,K.F.C. Moen - Club Roeselare,1442,1444,"0,50","0,50",1,1,1457,1429,"0,5032","-0,5032",1,20,20,3,0,26,17,7,14
https://www.rbfa.be/nl/wedstrijd/6749398,9/02/2025,S.V. Wevelgem City A,3,K. Sassp. Boezinge A,2,0,0,S.V. Wevelgem City A - K. Sassp. Boezinge A,1471,1699,"0,21","0,79",1,1,1495,1675,"0,7874","-0,7874",1,21,21,3,0,29,50,6,2
https://www.rbfa.be/nl/wedstrijd/6749399,9/02/2025,K. VC Ardooie A,2,K.R.C. Waregem A,2,0,0,K. VC Ardooie A - K.R.C. Waregem A,1448,1567,"0,33","0,67","0,5",1,1453,1562,"0,1651","-0,1651",0,21,20,1,1,20,33,13,5
https://www.rbfa.be/nl/wedstrijd/6749402,9/02/2025,Jong Male K.V.V.,1,Zwevegem Sport,3,0,0,Jong Male K.V.V. - Zwevegem Sport,1446,1599,"0,29","0,71",0,"1,5",1433,1612,"-0,3684","0,3684",-2,21,20,0,3,22,40,11,3
https://www.rbfa.be/nl/wedstrijd/6749400,9/02/2025,K. FC Marke A,0,K. FC Varsenare A,0,0,0,K. FC Marke A - K. FC Varsenare A,1504,1466,"0,55","0,45","0,5",1,1503,1468,"-0,0543","0,0543",0,21,20,1,1,28,24,7,9
https://www.rbfa.be/nl/wedstrijd/6749396,9/02/2025,K. WS Houthulst A,3,K. SV Bredene A,1,0,0,K. WS Houthulst A - K. SV Bredene A,1371,1442,"0,40","0,60",1,"1,5",1398,1415,"0,7574","-0,7574",2,21,21,3,0,17,23,15,10
https://www.rbfa.be/nl/wedstrijd/6749403,15/02/2025,Zwevegem Sport,1,K.F.C. Moen,1,0,0,Zwevegem Sport - K.F.C. Moen,1612,1457,"0,71","0,29","0,5",1,1606,1464,"-0,2095","0,2095",0,21,21,1,1,41,27,3,8
https://www.rbfa.be/nl/wedstrijd/6749404,15/02/2025,K. Sassp. Boezinge A,4,FC Sp. Heestert A,0,0,0,K. Sassp. Boezinge A - FC Sp. Heestert A,1675,1583,"0,63","0,37",1,"1,875",1696,1562,"0,5875","-0,5875",4,22,22,3,0,53,37,2,5
https://www.rbfa.be/nl/wedstrijd/6749405,15/02/2025,K.S.K. Oostnieuwkerke,0,S.V. Wevelgem City A,4,0,0,K.S.K. Oostnieuwkerke - S.V. Wevelgem City A,1348,1495,"0,30","0,70",0,"1,875",1331,1512,"-0,4763","0,4763",-4,22,22,0,3,17,32,16,6
https://www.rbfa.be/nl/wedstrijd/6749406,15/02/2025,K. Exc. Zedelgem,0,K. WS Houthulst A,5,0,0,K. Exc. Zedelgem - K. WS Houthulst A,1444,1398,"0,57","0,43",0,2,1410,1432,"-0,9674","0,9674",-5,22,22,0,3,21,20,13,14
https://www.rbfa.be/nl/wedstrijd/6749407,15/02/2025,K. FC Varsenare A,0,K. SV Rumbeke,1,0,0,K. FC Varsenare A - K. SV Rumbeke,1468,1727,"0,18","0,82",0,1,1462,1733,"-0,1836","0,1836",-1,21,21,0,3,24,58,9,1
https://www.rbfa.be/nl/wedstrijd/6749410,16/02/2025,Club Roeselare,2,Jong Male K.V.V.,0,0,0,Club Roeselare - Jong Male K.V.V.,1429,1433,"0,50","0,50",1,"1,5",1452,1410,"0,6358","-0,6358",2,21,22,3,0,20,22,13,12
https://www.rbfa.be/nl/wedstrijd/6749408,16/02/2025,K. SV Bredene A,2,K. VC Ardooie A,4,0,0,K. SV Bredene A - K. VC Ardooie A,1415,1453,"0,45","0,55",0,"1,5",1395,1473,"-0,5615","0,5615",-2,22,22,0,3,23,23,10,10
https://www.rbfa.be/nl/wedstrijd/6749409,16/02/2025,K.R.C. Waregem A,2,K. FC Marke A,0,0,0,K.R.C. Waregem A - K. FC Marke A,1562,1503,"0,58","0,42",1,"1,5",1581,1484,"0,5231","-0,5231",2,21,22,3,0,36,28,5,7
https://www.rbfa.be/nl/wedstrijd/6749411,22/02/2025,K.F.C. Moen,1,K. SV Bredene A,1,0,0,K.F.C. Moen - K. SV Bredene A,1464,1395,"0,60","0,40","0,5",1,1461,1398,"-0,0977","0,0977",0,22,23,1,1,28,24,7,11
https://www.rbfa.be/nl/wedstrijd/6749417,22/02/2025,FC Sp. Heestert A,1,K.R.C. Waregem A,3,0,0,FC Sp. Heestert A - K.R.C. Waregem A,1562,1581,"0,47","0,53",0,"1,5",1540,1602,"-0,5956","0,5956",-2,23,22,0,3,37,39,5,4
https://www.rbfa.be/nl/wedstrijd/6749414,22/02/2025,S.V. Wevelgem City A,6,K. FC Varsenare A,1,0,0,S.V. Wevelgem City A - K. FC Varsenare A,1512,1462,"0,57","0,43",1,2,1537,1437,"0,7346","-0,7346",5,23,22,3,0,35,24,6,9
https://www.rbfa.be/nl/wedstrijd/6749412,22/02/2025,K. WS Houthulst A,0,Zwevegem Sport,2,0,0,K. WS Houthulst A - Zwevegem Sport,1432,1606,"0,27","0,73",0,"1,5",1420,1618,"-0,3378","0,3378",-2,23,22,0,3,20,44,15,3
https://www.rbfa.be/nl/wedstrijd/6749413,22/02/2025,K. SV Rumbeke,5,Club Roeselare,1,0,0,K. SV Rumbeke - Club Roeselare,1733,1452,"0,83","0,17",1,"1,875",1742,1443,"0,2633","-0,2633",4,22,22,3,0,61,20,1,14
https://www.rbfa.be/nl/wedstrijd/6749415,23/02/2025,K. VC Ardooie A,3,K.S.K. Oostnieuwkerke,1,0,0,K. VC Ardooie A - K.S.K. Oostnieuwkerke,1473,1331,"0,69","0,31",1,"1,5",1487,1317,"0,3858","-0,3858",2,23,23,3,0,26,17,9,16
https://www.rbfa.be/nl/wedstrijd/6749418,23/02/2025,Jong Male K.V.V.,0,K. Sassp. Boezinge A,4,0,0,Jong Male K.V.V. - K. Sassp. Boezinge A,1410,1696,"0,16","0,84",0,"1,875",1401,1705,"-0,2566","0,2566",-4,23,23,0,3,22,56,13,2
https://www.rbfa.be/nl/wedstrijd/6749416,23/02/2025,K. FC Marke A,1,K. Exc. Zedelgem,1,0,0,K. FC Marke A - K. Exc. Zedelgem,1484,1410,"0,61","0,39","0,5",1,1481,1413,"-0,1051","0,1051",0,23,23,1,1,29,22,7,13
https://www.rbfa.be/nl/wedstrijd/6749363,1/03/2025,Zwevegem Sport,0,K. FC Varsenare A,0,0,0,Zwevegem Sport - K. FC Varsenare A,1618,1437,"0,74","0,26","0,5",1,1611,1444,"-0,2398","0,2398",0,23,23,1,1,45,25,3,10
https://www.rbfa.be/nl/wedstrijd/6749364,1/03/2025,K.F.C. Moen,0,K. SV Rumbeke,3,0,0,K.F.C. Moen - K. SV Rumbeke,1461,1742,"0,17","0,83",0,"1,75",1452,1751,"-0,2384","0,2384",-3,23,23,0,3,28,64,8,1
https://www.rbfa.be/nl/wedstrijd/6749369,1/03/2025,K.R.C. Waregem A,0,Club Roeselare,1,0,0,K.R.C. Waregem A - Club Roeselare,1602,1443,"0,71","0,29",0,1,1581,1464,"-0,7144","0,7144",-1,23,23,0,3,39,23,4,12
https://www.rbfa.be/nl/wedstrijd/6749420,8/03/2025,K. Sassp. Boezinge A,0,K. FC Marke A,0,0,0,K. Sassp. Boezinge A - K. FC Marke A,1705,1481,"0,78","0,22","0,5",1,1696,1489,"-0,2842","0,2842",0,24,24,1,1,57,30,2,7
https://www.rbfa.be/nl/wedstrijd/6749421,8/03/2025,K.S.K. Oostnieuwkerke,0,K.F.C. Moen,0,0,0,K.S.K. Oostnieuwkerke - K.F.C. Moen,1317,1452,"0,31","0,69","0,5",1,1322,1446,"0,1851","-0,1851",0,24,24,1,1,18,29,16,8
https://www.rbfa.be/nl/wedstrijd/6749422,8/03/2025,K. Exc. Zedelgem,2,S.V. Wevelgem City A,2,0,0,K. Exc. Zedelgem - S.V. Wevelgem City A,1413,1537,"0,33","0,67","0,5",1,1418,1532,"0,1719","-0,1719",0,24,24,1,1,23,36,14,6
https://www.rbfa.be/nl/wedstrijd/6749419,8/03/2025,Zwevegem Sport,1,K. VC Ardooie A,3,0,0,Zwevegem Sport - K. VC Ardooie A,1611,1487,"0,67","0,33",0,"1,5",1581,1517,"-0,8463","0,8463",-2,24,24,0,3,45,29,3,8
https://www.rbfa.be/nl/wedstrijd/6749423,8/03/2025,K. FC Varsenare A,0,FC Sp. Heestert A,0,0,0,K. FC Varsenare A - FC Sp. Heestert A,1444,1540,"0,36","0,64","0,5",1,1448,1536,"0,1356","-0,1356",0,24,24,1,1,26,38,10,5
https://www.rbfa.be/nl/wedstrijd/6749425,9/03/2025,K.R.C. Waregem A,2,K. SV Rumbeke,4,0,0,K.R.C. Waregem A - K. SV Rumbeke,1581,1751,"0,27","0,73",0,"1,5",1568,1763,"-0,3441","0,3441",-2,24,24,0,3,39,67,4,1
https://www.rbfa.be/nl/wedstrijd/6749426,9/03/2025,Club Roeselare,4,K. WS Houthulst A,2,0,0,Club Roeselare - K. WS Houthulst A,1464,1420,"0,56","0,44",1,"1,5",1484,1400,"0,5497","-0,5497",2,24,24,3,0,26,20,10,15
https://www.rbfa.be/nl/wedstrijd/6749424,9/03/2025,K. SV Bredene A,0,Jong Male K.V.V.,5,0,0,K. SV Bredene A - Jong Male K.V.V.,1398,1401,"0,50","0,50",0,2,1368,1430,"-0,8476","0,8476",-5,24,24,0,3,24,25,13,12
https://www.rbfa.be/nl/wedstrijd/6749430,14/03/2025,S.V. Wevelgem City A,3,Club Roeselare,0,0,0,S.V. Wevelgem City A - Club Roeselare,1532,1484,"0,57","0,43",1,"1,75",1555,1461,"0,6212","-0,6212",3,25,25,3,0,39,26,5,11
https://www.rbfa.be/nl/wedstrijd/6749428,15/03/2025,K. WS Houthulst A,4,K.S.K. Oostnieuwkerke,2,0,0,K. WS Houthulst A - K.S.K. Oostnieuwkerke,1400,1322,"0,61","0,39",1,"1,5",1418,1305,"0,4918","-0,4918",2,25,25,3,0,23,18,15,16
https://www.rbfa.be/nl/wedstrijd/6749427,15/03/2025,K.F.C. Moen,2,K.R.C. Waregem A,2,0,0,K.F.C. Moen - K.R.C. Waregem A,1446,1568,"0,33","0,67","0,5",1,1451,1563,"0,1685","-0,1685",0,25,25,1,1,30,40,8,4
https://www.rbfa.be/nl/wedstrijd/6749429,15/03/2025,K. SV Rumbeke,1,K. Sassp. Boezinge A,0,0,0,K. SV Rumbeke - K. Sassp. Boezinge A,1763,1696,"0,59","0,41",1,1,1775,1684,"0,4053","-0,4053",1,25,25,3,0,70,57,1,2
https://www.rbfa.be/nl/wedstrijd/6749433,15/03/2025,FC Sp. Heestert A,1,Zwevegem Sport,2,0,0,FC Sp. Heestert A - Zwevegem Sport,1536,1581,"0,44","0,56",0,1,1523,1594,"-0,4365","0,4365",-1,25,25,0,3,38,48,6,3
https://www.rbfa.be/nl/wedstrijd/6749432,16/03/2025,K. FC Marke A,4,K. SV Bredene A,0,0,0,K. FC Marke A - K. SV Bredene A,1489,1368,"0,67","0,33",1,"1,875",1508,1349,"0,5275","-0,5275",4,25,25,3,0,33,24,7,14
https://www.rbfa.be/nl/wedstrijd/6749431,16/03/2025,K. VC Ardooie A,0,K. Exc. Zedelgem,1,0,0,K. VC Ardooie A - K. Exc. Zedelgem,1517,1418,"0,64","0,36",0,1,1498,1437,"-0,6385","0,6385",-1,25,25,0,3,29,26,9,11
https://www.rbfa.be/nl/wedstrijd/6749434,16/03/2025,Jong Male K.V.V.,0,K. FC Varsenare A,5,0,0,Jong Male K.V.V. - K. FC Varsenare A,1430,1448,"0,48","0,52",0,2,1402,1476,"-0,8123","0,8123",-5,25,25,0,3,25,29,13,9
https://www.rbfa.be/nl/wedstrijd/6749435,22/03/2025,Zwevegem Sport,1,K. SV Rumbeke,3,0,0,Zwevegem Sport - K. SV Rumbeke,1594,1775,"0,26","0,74",0,"1,5",1582,1787,"-0,3282","0,3282",-2,26,26,0,3,48,73,3,1
https://www.rbfa.be/nl/wedstrijd/6749436,22/03/2025,K. Sassp. Boezinge A,2,K.F.C. Moen,0,0,0,K. Sassp. Boezinge A - K.F.C. Moen,1684,1451,"0,79","0,21",1,"1,5",1694,1442,"0,2616","-0,2616",2,26,26,3,0,60,30,2,9
https://www.rbfa.be/nl/wedstrijd/6749437,22/03/2025,K.S.K. Oostnieuwkerke,1,K. FC Marke A,2,0,0,K.S.K. Oostnieuwkerke - K. FC Marke A,1305,1508,"0,24","0,76",0,1,1298,1515,"-0,2371","0,2371",-1,26,26,0,3,18,36,16,7
https://www.rbfa.be/nl/wedstrijd/6749438,22/03/2025,K. Exc. Zedelgem,2,Jong Male K.V.V.,4,0,0,K. Exc. Zedelgem - Jong Male K.V.V.,1437,1402,"0,55","0,45",0,"1,5",1412,1427,"-0,6936","0,6936",-2,26,26,0,3,26,28,12,11
https://www.rbfa.be/nl/wedstrijd/6749439,22/03/2025,K. FC Varsenare A,3,K. VC Ardooie A,2,0,0,K. FC Varsenare A - K. VC Ardooie A,1476,1498,"0,47","0,53",1,1,1492,1482,"0,5306","-0,5306",1,26,26,3,0,32,29,8,10
https://www.rbfa.be/nl/wedstrijd/6749442,23/03/2025,Club Roeselare,0,FC Sp. Heestert A,2,0,0,Club Roeselare - FC Sp. Heestert A,1461,1523,"0,41","0,59",0,"1,5",1443,1542,"-0,5185","0,5185",-2,26,26,0,3,26,41,12,6
https://www.rbfa.be/nl/wedstrijd/6749441,23/03/2025,K.R.C. Waregem A,2,K. WS Houthulst A,1,0,0,K.R.C. Waregem A - K. WS Houthulst A,1563,1418,"0,70","0,30",1,1,1572,1408,"0,3018","-0,3018",1,26,26,3,0,43,23,4,15
https://www.rbfa.be/nl/wedstrijd/6749440,23/03/2025,K. SV Bredene A,1,S.V. Wevelgem City A,4,0,0,K. SV Bredene A - S.V. Wevelgem City A,1349,1555,"0,23","0,77",0,"1,75",1337,1567,"-0,3382","0,3382",-3,26,26,0,3,24,42,14,5
https://www.rbfa.be/nl/wedstrijd/6749443,29/03/2025,K. Sassp. Boezinge A,8,Club Roeselare,1,0,0,K. Sassp. Boezinge A - Club Roeselare,1694,1443,"0,81","0,19",1,"2,25",1706,1430,"0,3652","-0,3652",7,27,27,3,0,63,26,2,13
https://www.rbfa.be/nl/wedstrijd/6749445,29/03/2025,S.V. Wevelgem City A,1,Zwevegem Sport,1,0,0,S.V. Wevelgem City A - Zwevegem Sport,1567,1582,"0,48","0,52","0,5",1,1568,1581,"0,0215","-0,0215",0,27,27,1,1,43,49,6,3
https://www.rbfa.be/nl/wedstrijd/6749449,29/03/2025,FC Sp. Heestert A,3,K. WS Houthulst A,2,0,0,FC Sp. Heestert A - K. WS Houthulst A,1542,1408,"0,68","0,32",1,1,1551,1399,"0,3170","-0,3170",1,27,27,3,0,44,23,5,15
https://www.rbfa.be/nl/wedstrijd/6749444,29/03/2025,K. Exc. Zedelgem,2,K. SV Bredene A,2,0,0,K. Exc. Zedelgem - K. SV Bredene A,1412,1337,"0,61","0,39","0,5",1,1409,1340,"-0,1069","0,1069",0,27,27,1,1,27,25,12,14
https://www.rbfa.be/nl/wedstrijd/6749448,29/03/2025,K. FC Marke A,1,K.F.C. Moen,0,0,0,K. FC Marke A - K.F.C. Moen,1515,1442,"0,60","0,40",1,1,1527,1430,"0,3966","-0,3966",1,27,27,3,0,39,30,7,9
https://www.rbfa.be/nl/wedstrijd/6749446,29/03/2025,K. FC Varsenare A,2,K.S.K. Oostnieuwkerke,0,0,0,K. FC Varsenare A - K.S.K. Oostnieuwkerke,1492,1298,"0,75","0,25",1,"1,5",1503,1287,"0,3101","-0,3101",2,27,27,3,0,35,18,8,16
https://www.rbfa.be/nl/wedstrijd/6749447,29/03/2025,K. VC Ardooie A,1,K. SV Rumbeke,1,0,0,K. VC Ardooie A - K. SV Rumbeke,1482,1787,"0,15","0,85","0,5",1,1492,1776,"0,3527","-0,3527",0,27,27,1,1,30,74,9,1
https://www.rbfa.be/nl/wedstrijd/6749450,30/03/2025,Jong Male K.V.V.,1,K.R.C. Waregem A,4,0,0,Jong Male K.V.V. - K.R.C. Waregem A,1427,1572,"0,30","0,70",0,"1,75",1411,1588,"-0,4356","0,4356",-3,27,27,0,3,28,46,11,4
https://www.rbfa.be/nl/wedstrijd/6749451,5/04/2025,Zwevegem Sport,2,K. Exc. Zedelgem,2,0,0,Zwevegem Sport - K. Exc. Zedelgem,1581,1409,"0,73","0,27","0,5",1,1575,1416,"-0,2294","0,2294",0,28,28,1,1,50,28,3,12
https://www.rbfa.be/nl/wedstrijd/6749456,5/04/2025,K. SV Bredene A,5,FC Sp. Heestert A,2,0,0,K. SV Bredene A - FC Sp. Heestert A,1340,1551,"0,23","0,77",1,"1,75",1381,1511,"1,1123","-1,1123",3,28,28,3,0,28,44,12,5
https://www.rbfa.be/nl/wedstrijd/6749454,5/04/2025,K. WS Houthulst A,1,K. FC Marke A,3,0,0,K. WS Houthulst A - K. FC Marke A,1399,1527,"0,32","0,68",0,"1,5",1384,1541,"-0,4079","0,4079",-2,28,28,0,3,23,42,15,7
https://www.rbfa.be/nl/wedstrijd/6749453,5/04/2025,K.S.K. Oostnieuwkerke,1,K. Sassp. Boezinge A,5,0,0,K.S.K. Oostnieuwkerke - K. Sassp. Boezinge A,1287,1706,"0,08","0,92",0,"1,875",1282,1711,"-0,1301","0,1301",-4,28,28,0,3,18,66,16,2
https://www.rbfa.be/nl/wedstrijd/6749452,5/04/2025,K.F.C. Moen,2,Jong Male K.V.V.,0,0,0,K.F.C. Moen - Jong Male K.V.V.,1430,1411,"0,53","0,47",1,"1,5",1451,1390,"0,5949","-0,5949",2,28,28,3,0,33,28,9,12
https://www.rbfa.be/nl/wedstrijd/6749458,5/04/2025,Club Roeselare,2,K. VC Ardooie A,0,0,0,Club Roeselare - K. VC Ardooie A,1430,1492,"0,41","0,59",1,"1,5",1456,1466,"0,7422","-0,7422",2,28,28,3,0,29,30,11,10
https://www.rbfa.be/nl/wedstrijd/6749455,5/04/2025,K. SV Rumbeke,2,S.V. Wevelgem City A,1,0,0,K. SV Rumbeke - S.V. Wevelgem City A,1776,1568,"0,77","0,23",1,1,1783,1561,"0,2315","-0,2315",1,28,28,3,0,77,43,1,6
https://www.rbfa.be/nl/wedstrijd/6749457,6/04/2025,K.R.C. Waregem A,0,K. FC Varsenare A,0,0,0,K.R.C. Waregem A - K. FC Varsenare A,1588,1503,"0,62","0,38","0,5",1,1585,1507,"-0,1196","0,1196",0,28,28,1,1,47,36,4,8
https://www.rbfa.be/nl/wedstrijd/6749459,12/04/2025,K. Sassp. Boezinge A,1,K. SV Bredene A,3,0,0,K. Sassp. Boezinge A - K. SV Bredene A,1711,1381,"0,87","0,13",0,"1,5",1672,1420,"-1,0962","1,0962",-2,29,29,0,3,66,31,2,11
https://www.rbfa.be/nl/wedstrijd/6749462,12/04/2025,S.V. Wevelgem City A,1,K. FC Marke A,3,0,0,S.V. Wevelgem City A - K. FC Marke A,1561,1541,"0,53","0,47",0,"1,5",1537,1565,"-0,6650","0,6650",-2,29,29,0,3,43,45,7,6
https://www.rbfa.be/nl/wedstrijd/6749465,12/04/2025,FC Sp. Heestert A,5,K. SV Rumbeke,2,0,0,FC Sp. Heestert A - K. SV Rumbeke,1511,1783,"0,17","0,83",1,"1,75",1554,1740,"1,1934","-1,1934",3,29,29,3,0,47,77,5,1
https://www.rbfa.be/nl/wedstrijd/6749461,12/04/2025,K. Exc. Zedelgem,0,K.R.C. Waregem A,2,0,0,K. Exc. Zedelgem - K.R.C. Waregem A,1416,1585,"0,27","0,73",0,"1,5",1404,1597,"-0,3464","0,3464",-2,29,29,0,3,28,50,13,4
https://www.rbfa.be/nl/wedstrijd/6749463,12/04/2025,K. FC Varsenare A,2,Club Roeselare,1,0,0,K. FC Varsenare A - Club Roeselare,1507,1456,"0,57","0,43",1,1,1520,1443,"0,4276","-0,4276",1,29,29,3,0,39,29,8,12
https://www.rbfa.be/nl/wedstrijd/6749464,12/04/2025,K. VC Ardooie A,6,K.F.C. Moen,3,0,0,K. VC Ardooie A - K.F.C. Moen,1466,1451,"0,52","0,48",1,"1,75",1491,1426,"0,6914","-0,6914",3,29,29,3,0,33,33,9,9
https://www.rbfa.be/nl/wedstrijd/6749466,13/04/2025,Jong Male K.V.V.,2,K. WS Houthulst A,3,0,0,Jong Male K.V.V. - K. WS Houthulst A,1390,1384,"0,51","0,49",0,1,1374,1400,"-0,5076","0,5076",-1,29,29,0,3,28,26,13,15
https://www.rbfa.be/nl/wedstrijd/6749460,13/04/2025,K.S.K. Oostnieuwkerke,1,Zwevegem Sport,8,0,0,K.S.K. Oostnieuwkerke - Zwevegem Sport,1282,1575,"0,16","0,84",0,"2,25",1272,1585,"-0,2996","0,2996",-7,29,29,0,3,18,53,16,3
https://www.rbfa.be/nl/wedstrijd/6749477,27/04/2025,K.R.C. Waregem A,8,K.S.K. Oostnieuwkerke,0,0,0,K.R.C. Waregem A - K.S.K. Oostnieuwkerke,1597,1272,"0,87","0,13",1,"2,375",1606,1262,"0,2664","-0,2664",8,30,30,3,0,53,18,4,16
https://www.rbfa.be/nl/wedstrijd/6749480,27/04/2025,K. SV Rumbeke,5,Jong Male K.V.V.,1,0,0,K. SV Rumbeke - Jong Male K.V.V.,1740,1374,"0,89","0,11",1,"1,875",1746,1368,"0,1728","-0,1728",4,30,30,3,0,80,28,1,14
https://www.rbfa.be/nl/wedstrijd/6749478,27/04/2025,K. WS Houthulst A,5,K. VC Ardooie A,2,0,0,K. WS Houthulst A - K. VC Ardooie A,1400,1491,"0,37","0,63",1,"1,75",1433,1458,"0,9065","-0,9065",3,30,30,3,0,29,33,13,10
https://www.rbfa.be/nl/wedstrijd/6749467,27/04/2025,K.F.C. Moen,1,S.V. Wevelgem City A,1,0,0,K.F.C. Moen - S.V. Wevelgem City A,1426,1537,"0,35","0,65","0,5",1,1431,1532,"0,1542","-0,1542",0,30,30,1,1,34,44,9,7
https://www.rbfa.be/nl/wedstrijd/6749481,27/04/2025,Club Roeselare,4,K. Exc. Zedelgem,0,0,0,Club Roeselare - K. Exc. Zedelgem,1443,1404,"0,56","0,44",1,"1,875",1468,1379,"0,7034","-0,7034",4,30,30,3,0,32,28,11,14
https://www.rbfa.be/nl/wedstrijd/6749468,27/04/2025,Zwevegem Sport,1,K. Sassp. Boezinge A,1,0,0,Zwevegem Sport - K. Sassp. Boezinge A,1585,1672,"0,38","0,62","0,5",1,1589,1668,"0,1222","-0,1222",0,30,30,1,1,54,67,3,2
https://www.rbfa.be/nl/wedstrijd/6749479,27/04/2025,K. FC Marke A,0,FC Sp. Heestert A,3,0,0,K. FC Marke A - FC Sp. Heestert A,1565,1554,"0,52","0,48",0,"1,75",1538,1581,"-0,7439","0,7439",-3,30,30,0,3,45,50,6,5
https://www.rbfa.be/nl/wedstrijd/6749476,27/04/2025,K. SV Bredene A,2,K. FC Varsenare A,3,0,0,K. SV Bredene A - K. FC Varsenare A,1420,1520,"0,36","0,64",0,1,1409,1531,"-0,3600","0,3600",-1,30,30,0,3,31,42,12,8