Team,Speler,Selecties,Gestart,Ingevallen,Vervangen,Speelminuten,Goals,Penalties,Own Goals,Geel,Dubbelgeel,Rood,Clean sheets,Kapitein,Type,MVP p>20/90min,Goals/90min,Geel/90min,Selecties L5,Gestart L5,Ingevallen L5,Vervangen L5,Speelminuten L5,Goals L5,Penalties L5,Own goals L5,Geel L5,Dubbelgeel L5,Rood L5,Clean sheet L5,Kapitein L5,RAPM_per90,RAPM_off_per90,RAPM_def_per90,RAPM_SE_per90,RAPM_CI_low,RAPM_CI_high,RAPM_z,xPPM_per90,xPPM_SE,xPPM_CI_low,xPPM_CI_high,xPPM_z
Club Roeselare,Arne Hélin,13,13,0,1,1167,0,0,0,4,0,0,0,13,Speler,0.537,0.0,0.308,5,5,0,0,450,0,0,0,1,0,0,0,5,1.223,0.709,0.709,2.477,-3.631,6.078,0.49,0.746,1.398,-1.993,3.486,0.53
Club Roeselare,Bram Baert,7,0,6,0,38,0,0,0,0,0,0,0,0,Speler,0.0,0.0,0.0,3,0,3,0,23,0,0,0,0,0,0,0,0,0.849,0.724,0.724,2.823,-4.684,6.382,0.3,1.056,1.576,-2.032,4.144,0.67
Club Roeselare,Bram Helin,13,13,0,0,1170,0,0,0,4,0,0,0,1,Speler,0.538,0.0,0.308,4,4,0,0,360,0,0,0,1,0,0,0,0,-0.076,-0.244,-0.244,2.76,-5.486,5.334,-0.03,0.737,1.514,-2.229,3.704,0.49
Club Roeselare,Brent Mandeville,5,2,2,2,155,2,0,0,1,0,0,0,0,Speler,0.2,1.161,0.581,4,2,2,2,155,2,0,0,1,0,0,0,0,1.121,0.899,0.899,2.541,-3.859,6.102,0.44,0.977,1.437,-1.84,3.794,0.68
Club Roeselare,Dwight Dewerchin,3,0,3,0,43,0,0,0,0,0,0,0,0,Speler,0.5,0.0,0.0,3,0,3,0,43,0,0,0,0,0,0,0,0,0.744,0.605,0.605,2.851,-4.844,6.333,0.26,1.905,1.584,-1.198,5.009,1.2
Club Roeselare,Dylan Vens,11,7,4,5,604,0,0,0,3,0,0,0,0,Speler,0.374,0.0,0.447,3,2,1,2,173,0,0,0,0,0,0,0,0,0.721,0.46,0.46,1.928,-3.057,4.499,0.37,-0.698,1.127,-2.906,1.51,-0.62
Club Roeselare,Gianni Vandecasteele,14,13,1,7,1041,2,2,0,2,1,0,0,0,Speler,0.573,0.173,0.173,5,5,0,2,359,0,1,0,1,1,0,0,0,1.153,0.737,0.737,2.123,-3.008,5.313,0.54,1.273,1.235,-1.148,3.694,1.03
Club Roeselare,Jasper Cafmeyer,12,12,0,3,1014,5,0,0,1,0,0,0,0,Speler,0.536,0.444,0.089,3,3,0,2,228,1,0,0,0,0,0,0,0,-1.116,-0.837,-0.837,2.388,-5.796,3.563,-0.47,-0.588,1.349,-3.232,2.057,-0.44
Club Roeselare,Jobbe Dekimpe,14,12,2,4,1088,2,0,0,2,0,0,0,0,Speler,0.488,0.165,0.165,5,5,0,2,439,1,0,0,1,0,0,0,0,-0.39,-0.105,-0.105,2.318,-4.934,4.153,-0.17,0.534,1.324,-2.061,3.129,0.4
Club Roeselare,Jordin Nico Decorte,14,14,0,0,1260,0,0,0,0,0,0,3,0,Keeper,0.5,0.0,0.0,5,5,0,0,450,0,0,0,0,0,0,1,0,0.08,0.056,0.056,3.102,-5.999,6.16,0.03,0.042,1.659,-3.209,3.293,0.03
Club Roeselare,Kobe Vergote,7,0,0,0,0,0,0,0,0,0,0,0,0,Keeper,0.0,0.0,0.0,5,0,0,0,0,0,0,0,0,0,0,0,0,,,,,,,,,,,,
Club Roeselare,Lauden Hugelier,14,14,0,0,1260,3,0,0,1,0,0,0,0,Speler,0.5,0.214,0.071,5,5,0,0,450,1,0,0,1,0,0,0,0,0.08,0.056,0.056,3.102,-5.999,6.16,0.03,0.042,1.659,-3.209,3.293,0.03
Club Roeselare,Mattice Godderis,7,0,0,0,0,0,0,0,0,0,0,0,0,Keeper,0.0,0.0,0.0,0,0,0,0,0,0,0,0,0,0,0,0,0,,,,,,,,,,,,
Club Roeselare,Michiel Verlinde,14,14,0,5,1206,1,0,0,2,0,0,0,0,Speler,0.467,0.075,0.149,5,5,0,3,415,1,0,0,0,0,0,0,0,-0.071,-0.069,-0.069,2.671,-5.307,5.165,-0.03,-1.754,1.489,-4.673,1.165,-1.18
Club Roeselare,Rune Verheyen,13,1,4,1,93,0,0,0,0,0,0,0,0,Speler,0.0,0.0,0.0,5,1,2,1,85,0,0,0,0,0,0,0,0,-0.732,-0.583,-0.583,2.734,-6.091,4.628,-0.27,-0.254,1.527,-3.247,2.738,-0.17
Club Roeselare,Sam Vanhuyse,9,4,5,3,428,0,0,0,1,0,0,0,0,Speler,0.342,0.0,0.21,1,0,1,0,78,0,0,0,1,0,0,0,0,0.377,0.302,0.302,2.055,-3.651,4.405,0.18,-0.376,1.198,-2.724,1.971,-0.31
Club Roeselare,Sian Oosterlinck,2,0,2,0,21,0,0,0,0,0,0,0,0,Speler,0.0,0.0,0.0,0,0,0,0,0,0,0,0,0,0,0,0,0,-1.623,-1.528,-1.528,3.062,-7.625,4.379,-0.53,-1.645,1.671,-4.919,1.63,-0.98
Club Roeselare,Thibault Trioen,9,9,0,6,708,5,1,0,3,0,0,0,0,Speler,0.751,0.636,0.381,1,1,0,1,12,0,0,0,0,0,0,0,0,0.964,0.655,0.655,2.209,-3.366,5.294,0.44,1.232,1.262,-1.242,3.706,0.98
Club Roeselare,Vic Declerck,8,1,7,1,247,0,0,0,2,0,0,0,0,Speler,0.562,0.0,0.729,4,0,4,0,116,0,0,0,1,0,0,0,0,-0.298,-0.004,-0.004,2.15,-4.511,3.916,-0.14,-0.869,1.248,-3.316,1.577,-0.7
Club Roeselare,Vincent Provoost,14,14,0,2,1229,0,1,0,1,0,0,0,0,Speler,0.504,0.0,0.073,5,5,0,0,450,0,1,0,1,0,0,0,0,-0.067,-0.034,-0.034,2.72,-5.398,5.263,-0.02,0.441,1.513,-2.526,3.407,0.29
Club Roeselare,Xander Ost,11,3,7,2,324,0,0,0,1,0,0,0,0,Speler,0.167,0.0,0.278,5,3,2,2,282,0,0,0,1,0,0,0,0,-2.289,-1.592,-1.592,2.31,-6.817,2.238,-0.99,-2.463,1.32,-5.05,0.123,-1.87
Club Roeselare,Yoran Deleu,9,8,1,2,727,5,0,0,1,0,0,0,0,Speler,0.596,0.619,0.124,4,4,0,1,345,2,0,0,1,0,0,0,0,0.729,0.503,0.503,2.06,-3.308,4.767,0.35,0.075,1.188,-2.253,2.403,0.06
FC Sp. Heestert A,Aaron Balcaen,14,14,0,8,1127,4,0,0,2,0,0,0,0,Speler,0.552,0.319,0.16,5,5,0,2,434,3,0,0,2,0,0,0,0,-1.116,-0.661,-0.661,2.349,-5.721,3.488,-0.48,0.186,1.341,-2.443,2.815,0.14
FC Sp. Heestert A,August Laverge,14,13,1,6,1075,7,0,0,1,0,0,0,0,Speler,0.609,0.586,0.084,5,4,1,2,324,3,0,0,1,0,0,0,0,-0.568,-0.642,-0.642,2.321,-5.117,3.981,-0.24,0.216,1.316,-2.365,2.796,0.16
FC Sp. Heestert A,Charles-Victor Otté,12,6,6,1,619,0,0,0,2,1,0,0,0,Speler,0.493,0.0,0.291,5,5,0,1,422,0,0,0,1,0,0,0,0,-1.205,-0.873,-0.873,2.029,-5.182,2.771,-0.59,-0.376,1.175,-2.68,1.928,-0.32
FC Sp. Heestert A,Dylan David Bourquin,13,13,0,2,1001,0,0,0,2,0,1,0,0,Speler,0.542,0.0,0.18,5,5,0,0,365,0,0,0,1,0,1,0,0,1.26,0.734,0.734,2.231,-3.113,5.634,0.56,0.499,1.277,-2.004,3.003,0.39
FC Sp. Heestert A,Emmanuel Abew Asamoah,11,9,0,4,737,0,0,0,0,0,0,0,0,Speler,0.55,0.0,0.0,5,4,0,2,337,0,0,0,0,0,0,0,0,1.907,1.339,1.339,2.319,-2.638,6.451,0.82,0.354,1.312,-2.217,2.925,0.27
FC Sp. Heestert A,Fries Legein,7,7,0,0,630,1,0,0,1,0,0,0,0,Speler,0.571,0.143,0.143,0,0,0,0,0,0,0,0,0,0,0,0,0,-0.605,-0.392,-0.392,2.389,-5.287,4.077,-0.25,-0.312,1.345,-2.948,2.325,-0.23
FC Sp. Heestert A,Hannes Feys,12,6,4,2,560,0,0,0,0,0,0,0,0,Speler,0.61,0.0,0.0,4,1,2,0,107,0,0,0,0,0,0,0,0,-0.955,-0.636,-0.636,2.008,-4.891,2.981,-0.48,-0.347,1.172,-2.643,1.949,-0.3
FC Sp. Heestert A,Imad Zmimer,13,8,4,4,721,0,0,0,2,0,0,0,0,Speler,0.571,0.0,0.25,5,5,0,2,431,0,0,0,1,0,0,0,0,-0.56,-0.355,-0.355,1.942,-4.366,3.247,-0.29,-0.855,1.146,-3.1,1.391,-0.75
FC Sp. Heestert A,Jacob Lammertyn,14,1,1,0,123,0,0,0,0,0,0,1,0,Keeper,0.866,0.0,0.0,5,1,1,0,123,0,0,0,0,0,0,1,0,-0.029,-0.122,-0.122,2.774,-5.466,5.408,-0.01,-0.37,1.528,-3.365,2.625,-0.24
FC Sp. Heestert A,Jenci Dejonghe,14,13,1,4,1147,0,0,0,2,0,0,0,3,Speler,0.497,0.0,0.157,5,5,0,2,409,0,0,0,0,0,0,0,0,-2.459,-1.598,-1.598,2.424,-7.21,2.292,-1.01,-0.633,1.373,-3.324,2.058,-0.46
FC Sp. Heestert A,Joren De Waele,6,0,6,0,128,0,0,0,1,0,0,0,0,Speler,0.329,0.0,0.703,5,0,5,0,114,0,0,0,1,0,0,0,0,-0.854,-0.584,-0.584,2.375,-5.508,3.801,-0.36,-1.442,1.372,-4.132,1.248,-1.05
FC Sp. Heestert A,Jotte Van Lancker,1,0,0,0,0,0,0,0,0,0,0,0,0,Speler,0.0,0.0,0.0,1,0,0,0,0,0,0,0,0,0,0,0,0,,,,,,,,,,,,
FC Sp. Heestert A,Karim Tajeddine,13,1,12,1,219,3,0,0,2,0,0,0,0,Speler,0.835,1.233,0.822,5,1,4,1,106,3,0,0,1,0,0,0,0,0.667,0.428,0.428,2.189,-3.624,4.958,0.3,-0.476,1.274,-2.973,2.021,-0.37
FC Sp. Heestert A,Kenneth Deryckere,5,1,4,1,123,0,0,0,0,0,0,0,0,Speler,0.273,0.0,0.0,1,0,1,0,11,0,0,0,0,0,0,0,0,-0.243,-0.04,-0.04,2.461,-5.066,4.581,-0.1,0.051,1.409,-2.712,2.813,0.04
FC Sp. Heestert A,Kristi Kullaj,12,12,0,3,1033,3,3,0,1,0,0,0,0,Speler,0.564,0.261,0.087,3,3,0,1,237,0,1,0,0,0,0,0,0,-0.251,-0.188,-0.188,2.271,-4.703,4.201,-0.11,-0.883,1.302,-3.435,1.669,-0.68
FC Sp. Heestert A,Mattice Bekaert,14,14,0,7,1124,3,0,0,0,0,0,0,0,Speler,0.627,0.24,0.0,5,5,0,3,414,0,0,0,0,0,0,0,0,3.791,2.411,2.411,2.333,-0.782,8.364,1.63,1.801,1.334,-0.814,4.416,1.35
FC Sp. Heestert A,Pieter Vangheluwe,4,4,0,1,316,0,0,0,0,0,0,0,4,Speler,0.715,0.0,0.0,0,0,0,0,0,0,0,0,0,0,0,0,0,0.077,0.249,0.249,2.594,-5.007,5.161,0.03,0.447,1.437,-2.368,3.263,0.31
FC Sp. Heestert A,Quentin Beukenne,11,5,6,0,563,0,0,1,3,1,1,0,0,Speler,0.624,0.0,0.48,4,2,2,0,161,0,0,1,0,0,1,0,0,1.72,1.073,1.073,2.04,-2.278,5.719,0.84,0.269,1.192,-2.067,2.604,0.23
FC Sp. Heestert A,Shoaib Yaftali,6,0,1,0,45,0,0,0,1,0,0,0,0,Speler,0.5,0.0,2.0,3,0,0,0,0,0,0,0,0,0,0,0,0,-0.811,-0.691,-0.691,2.93,-6.555,4.932,-0.28,-0.516,1.612,-3.676,2.645,-0.32
FC Sp. Heestert A,Stijn Delbeke,14,14,0,2,1248,5,0,0,2,0,0,0,7,Speler,0.608,0.361,0.144,5,5,0,0,450,2,0,0,1,0,0,0,5,0.398,0.23,0.23,2.91,-5.306,6.102,0.14,0.144,1.584,-2.961,3.249,0.09
FC Sp. Heestert A,Tom Thieren,13,13,0,0,1132,0,0,0,1,1,0,4,0,Keeper,0.523,0.0,0.08,4,4,0,0,322,0,0,0,1,1,0,1,0,0.033,0.135,0.135,2.67,-5.2,5.265,0.01,0.155,1.47,-2.725,3.036,0.11
K. Eendr. Wervik A,Adamaly Bah,2,0,2,0,12,0,0,0,0,0,0,0,0,Speler,0.0,0.0,0.0,2,0,2,0,12,0,0,0,0,0,0,0,0,0.717,0.661,0.661,3.12,-5.398,6.832,0.23,0.304,1.697,-3.023,3.631,0.18
K. Eendr. Wervik A,Aristote Madiani,14,13,1,9,997,7,0,0,0,0,0,0,0,Speler,0.811,0.632,0.0,5,4,1,4,277,1,0,0,0,0,0,0,0,1.873,1.205,1.205,2.157,-2.354,6.1,0.87,0.792,1.25,-1.659,3.243,0.63
K. Eendr. Wervik A,Dylan Olievier,14,14,0,0,1260,0,0,0,0,0,0,3,0,Keeper,0.75,0.0,0.0,5,5,0,0,450,0,0,0,0,0,0,0,0,0.271,0.156,0.156,3.116,-5.837,6.379,0.09,0.062,1.665,-3.202,3.326,0.04
K. Eendr. Wervik A,Ewoud Defevere,13,12,0,0,1080,1,0,0,3,0,0,0,11,Speler,0.792,0.083,0.25,4,4,0,0,360,0,0,0,1,0,0,0,4,1.612,1.294,1.294,2.499,-3.286,6.509,0.64,1.177,1.394,-1.556,3.91,0.84
K. Eendr. Wervik A,Gauthier Vandesteene,9,0,0,0,0,0,0,0,0,0,0,0,0,Keeper,0.0,0.0,0.0,3,0,0,0,0,0,0,0,0,0,0,0,0,,,,,,,,,,,,
K. Eendr. Wervik A,Geoffrey Coppin,13,0,13,1,270,3,0,0,0,0,0,0,0,Speler,0.825,1.0,0.0,4,0,4,0,63,0,0,0,0,0,0,0,0,-0.712,-0.609,-0.609,2.071,-4.77,3.347,-0.34,-0.006,1.215,-2.389,2.376,-0.01
K. Eendr. Wervik A,Gianni Lingier,14,14,0,6,1178,11,0,0,1,0,0,0,0,Speler,0.737,0.84,0.076,5,5,0,2,443,5,0,0,0,0,0,0,0,-0.161,-0.095,-0.095,2.526,-5.112,4.79,-0.06,-0.247,1.432,-3.054,2.561,-0.17
K. Eendr. Wervik A,Jarne Jodts,14,14,0,0,1260,3,0,0,1,0,0,0,0,Speler,0.75,0.214,0.071,5,5,0,0,450,1,0,0,0,0,0,0,0,0.271,0.156,0.156,3.116,-5.837,6.379,0.09,0.062,1.665,-3.202,3.326,0.04
K. Eendr. Wervik A,Jasper Cornillie,13,11,2,4,985,3,0,0,0,0,0,0,0,Speler,0.695,0.274,0.0,5,5,0,1,441,0,0,0,0,0,0,0,0,0.713,0.423,0.423,1.991,-3.19,4.617,0.36,0.129,1.173,-2.17,2.429,0.11
K. Eendr. Wervik A,Kyan Defoort,14,14,0,7,1100,3,0,0,3,0,0,0,0,Speler,0.745,0.245,0.245,5,5,0,4,384,0,0,0,1,0,0,0,0,-1.974,-1.287,-1.287,2.401,-6.68,2.732,-0.82,-0.149,1.369,-2.832,2.534,-0.11
K. Eendr. Wervik A,Lennert Lingier,12,0,4,0,64,0,0,0,0,0,0,0,0,Speler,1.0,0.0,0.0,4,0,1,0,4,0,0,0,0,0,0,0,0,-0.314,-0.329,-0.329,2.821,-5.842,5.215,-0.11,-0.141,1.567,-3.213,2.931,-0.09
K. Eendr. Wervik A,Lukas Emmerick Zagula,2,0,0,0,0,0,0,0,0,0,0,0,0,Speler,0.0,0.0,0.0,0,0,0,0,0,0,0,0,0,0,0,0,0,,,,,,,,,,,,
K. Eendr. Wervik A,Maarten Houthoofd,14,14,0,2,1237,1,0,0,1,0,0,0,2,Speler,0.716,0.073,0.073,5,5,0,0,450,0,0,0,0,0,0,0,1,-0.716,-0.704,-0.704,2.839,-6.281,4.849,-0.25,-0.865,1.561,-3.925,2.195,-0.55
K. Eendr. Wervik A,Matis Porteman,9,0,3,0,76,0,0,0,0,0,0,0,0,Speler,0.625,0.0,0.0,4,0,2,0,31,0,0,0,0,0,0,0,0,0.857,0.563,0.563,2.796,-4.623,6.338,0.31,-0.941,1.556,-3.991,2.109,-0.6
K. Eendr. Wervik A,Maxime Vandelannoitte,13,6,5,2,596,0,0,0,0,0,0,0,0,Speler,0.548,0.0,0.0,5,2,2,1,213,0,0,0,0,0,0,0,0,-0.169,-0.122,-0.122,1.914,-3.92,3.582,-0.09,0.188,1.128,-2.024,2.399,0.17
K. Eendr. Wervik A,Simon Verlinde,14,14,0,2,1193,0,0,0,2,0,0,0,0,Speler,0.754,0.0,0.151,5,5,0,1,427,0,0,0,0,0,0,0,0,-0.921,-0.484,-0.484,2.536,-5.892,4.05,-0.36,-0.447,1.433,-3.256,2.363,-0.31
K. Eendr. Wervik A,Tristan Prinsier,14,4,8,3,430,1,0,0,2,0,0,0,0,Speler,0.636,0.209,0.419,5,1,3,1,139,1,0,0,1,0,0,0,0,1.562,1.014,1.014,2.038,-2.433,5.558,0.77,0.225,1.19,-2.107,2.557,0.19
K. Eendr. Wervik A,Valentin Mahieu,12,12,0,0,1043,1,2,0,4,0,1,0,1,Speler,0.784,0.086,0.345,4,4,0,0,323,0,0,0,1,0,1,0,0,0.454,0.196,0.196,2.355,-4.161,5.069,0.19,0.312,1.329,-2.294,2.918,0.23
K. Eendr. Wervik A,Yentl Dewilde,14,12,1,3,1042,7,0,0,2,0,0,0,0,Speler,0.704,0.605,0.173,5,5,0,1,446,4,0,0,2,0,0,0,0,0.593,0.329,0.329,2.251,-3.82,5.006,0.26,0.244,1.292,-2.289,2.777,0.19
K. FC Heist A,Bruno Delhaye,11,1,9,1,170,0,0,0,0,0,0,0,0,Speler,0.759,0.0,0.0,5,1,4,1,108,0,0,0,0,0,0,0,0,0.363,0.16,0.16,2.354,-4.25,4.977,0.15,-0.253,1.355,-2.909,2.404,-0.19
K. FC Heist A,Dante Ducoulombier,6,0,3,0,23,0,0,0,0,0,0,0,0,Speler,0.0,0.0,0.0,1,0,0,0,0,0,0,0,0,0,0,0,0,0.068,-0.019,-0.019,3.009,-5.829,5.965,0.02,-0.424,1.651,-3.661,2.813,-0.26
K. FC Heist A,Diaz Denise Axelsson De Baets,2,0,0,0,0,0,0,0,0,0,0,0,0,Speler,0.0,0.0,0.0,2,0,0,0,0,0,0,0,0,0,0,0,0,,,,,,,,,,,,
K. FC Heist A,Diederiek Voordecker,13,10,3,7,793,0,0,0,0,0,0,0,0,Speler,0.474,0.0,0.0,5,4,1,2,354,0,0,0,0,0,0,0,0,0.738,0.6,0.6,2.009,-3.199,4.675,0.37,0.116,1.169,-2.175,2.407,0.1
K. FC Heist A,Jan Claessens,10,8,2,5,633,5,0,0,0,0,0,0,0,Speler,0.427,0.711,0.0,5,4,1,3,287,3,0,0,0,0,0,0,0,-0.431,-0.232,-0.232,2.002,-4.355,3.492,-0.22,-0.207,1.166,-2.492,2.077,-0.18
K. FC Heist A,Jarne Vancompernolle,7,5,2,1,557,2,0,0,1,0,0,0,0,Speler,0.627,0.323,0.162,4,4,0,1,350,0,0,0,1,0,0,0,0,-0.531,-0.177,-0.177,2.25,-4.941,3.878,-0.24,0.367,1.274,-2.13,2.865,0.29
K. FC Heist A,Jarno Boone,13,13,0,0,1170,0,0,0,2,0,0,0,3,Speler,0.385,0.0,0.154,4,4,0,0,360,0,0,0,1,0,0,0,3,-0.802,-0.677,-0.677,2.848,-6.383,4.779,-0.28,-0.616,1.544,-3.643,2.411,-0.4
K. FC Heist A,Jasper Sierens,4,0,0,0,0,0,0,0,0,0,0,0,0,Keeper,0.0,0.0,0.0,3,0,0,0,0,0,0,0,0,0,0,0,0,,,,,,,,,,,,
K. FC Heist A,Jochen Hollebeke,1,0,0,0,0,0,0,0,0,0,0,0,0,Keeper,0.0,0.0,0.0,0,0,0,0,0,0,0,0,0,0,0,0,0,,,,,,,,,,,,
K. FC Heist A,Julien Csepregi,13,4,8,4,444,3,0,0,1,0,0,0,0,Speler,0.579,0.608,0.203,5,1,4,1,159,1,0,0,0,0,0,0,0,0.033,0.123,0.123,1.963,-3.815,3.881,0.02,-0.556,1.154,-2.818,1.706,-0.48
K. FC Heist A,Julien Vervaecke,3,0,2,0,5,0,0,0,0,0,0,0,0,Speler,0.0,0.0,0.0,2,0,2,0,5,0,0,0,0,0,0,0,0,0.35,0.367,0.367,3.207,-5.935,6.636,0.11,0.166,1.73,-3.224,3.557,0.1
K. FC Heist A,Miguel De Block,14,14,0,0,1260,0,0,0,0,0,0,2,0,Keeper,0.429,0.0,0.0,5,5,0,0,450,0,0,0,0,0,0,2,0,-0.053,-0.039,-0.039,3.083,-6.097,5.991,-0.02,-0.003,1.649,-3.235,3.228,-0.0
K. FC Heist A,Miguel Roman Tabares Rivero,7,4,3,3,402,0,0,0,0,0,0,0,0,Speler,0.558,0.0,0.0,5,4,1,3,343,0,0,0,0,0,0,0,0,0.183,-0.093,-0.093,2.35,-4.423,4.789,0.08,-0.118,1.341,-2.746,2.511,-0.09
K. FC Heist A,Pär Eliane Vervalle,12,9,3,6,835,5,0,0,5,0,0,0,0,Speler,0.62,0.539,0.539,4,4,0,3,326,5,0,0,3,0,0,0,0,1.987,1.114,1.114,2.055,-2.041,6.015,0.97,1.029,1.195,-1.313,3.37,0.86
K. FC Heist A,Quinten De Cock,12,8,3,4,685,4,0,0,3,0,0,0,0,Speler,0.658,0.526,0.394,4,4,0,2,329,2,0,0,2,0,0,0,0,0.947,0.604,0.604,2.112,-3.193,5.086,0.45,0.556,1.222,-1.839,2.951,0.45
K. FC Heist A,Quirino Raes,1,0,1,0,18,0,0,0,0,0,0,0,0,Speler,0.0,0.0,0.0,1,0,1,0,18,0,0,0,0,0,0,0,0,0.095,0.121,0.121,3.086,-5.954,6.144,0.03,0.176,1.681,-3.118,3.471,0.1
K. FC Heist A,Rens Maene,10,9,1,2,790,1,0,0,1,0,0,0,9,Speler,0.458,0.114,0.114,2,1,1,0,100,0,0,0,0,0,0,0,1,-0.464,-0.055,-0.055,2.297,-4.967,4.038,-0.2,0.235,1.299,-2.311,2.781,0.18
K. FC Heist A,Thibo Gies,13,10,3,2,919,1,0,0,1,0,1,0,0,Speler,0.534,0.098,0.098,5,5,0,1,383,0,0,0,1,0,1,0,0,0.387,0.137,0.137,2.098,-3.725,4.499,0.18,0.164,1.217,-2.221,2.549,0.13
K. FC Heist A,Thomas Denys,13,10,3,5,800,1,0,0,2,0,0,0,0,Speler,0.374,0.112,0.225,4,4,0,0,360,0,0,0,1,0,0,0,0,0.137,-0.026,-0.026,1.906,-3.598,3.872,0.07,-0.526,1.123,-2.726,1.675,-0.47
K. FC Heist A,Thomas Vuyts,9,8,1,4,670,1,0,0,1,0,0,0,0,Speler,0.396,0.134,0.134,1,0,1,0,24,0,0,0,0,0,0,0,0,-1.511,-1.104,-1.104,2.314,-6.046,3.024,-0.65,-0.13,1.308,-2.694,2.434,-0.1
K. FC Heist A,Tibo Andries,12,12,0,1,1020,5,0,0,3,1,0,0,0,Speler,0.338,0.441,0.265,3,3,0,0,270,0,0,0,0,0,0,0,0,-0.31,-0.049,-0.049,2.36,-4.935,4.314,-0.13,-0.252,1.342,-2.883,2.379,-0.19
K. FC Heist A,Vuitton Neyts,8,4,4,4,344,1,0,0,0,0,0,0,0,Speler,0.664,0.262,0.0,1,0,1,0,8,0,0,0,0,0,0,0,0,-0.371,-0.301,-0.301,2.087,-4.462,3.72,-0.18,0.088,1.224,-2.311,2.488,0.07
K. FC Heist A,Yari Delporte,12,11,1,3,966,0,0,0,5,1,0,0,2,Speler,0.41,0.0,0.466,3,2,1,1,215,0,0,0,2,1,0,0,1,0.346,0.299,0.299,2.237,-4.038,4.729,0.15,-0.327,1.283,-2.841,2.187,-0.25
K. FC Heist A,Yoni Delporte,14,14,0,0,1260,0,0,0,2,0,0,0,0,Speler,0.429,0.0,0.143,5,5,0,0,450,0,0,0,1,0,0,0,0,-0.053,-0.039,-0.039,3.083,-6.097,5.991,-0.02,-0.003,1.649,-3.235,3.228,-0.0
K. FC Marke A,Amaury Demuynck,10,7,3,3,601,1,0,0,1,0,0,0,0,Speler,0.932,0.15,0.15,5,4,1,1,419,0,0,0,1,0,0,0,0,1.81,1.035,1.035,2.125,-2.356,5.975,0.85,1.112,1.228,-1.295,3.52,0.91
K. FC Marke A,Arne Naessens,13,13,0,5,1105,3,0,0,1,0,0,0,6,Speler,0.625,0.244,0.081,5,5,0,2,419,0,0,0,0,0,0,0,0,-1.44,-1.249,-1.249,2.578,-6.493,3.613,-0.56,-1.084,1.45,-3.925,1.758,-0.75
K. FC Marke A,Benjamin Bonte,7,3,4,0,298,1,1,0,2,0,0,0,0,Speler,0.667,0.302,0.604,4,1,3,0,113,0,1,0,1,0,0,0,0,0.837,0.511,0.511,2.3,-3.671,5.345,0.36,0.227,1.314,-2.347,2.802,0.17
K. FC Marke A,Bob Desmet,10,6,4,3,657,0,0,0,0,0,0,0,0,Speler,0.34,0.0,0.0,3,2,1,1,169,0,0,0,0,0,0,0,0,-2.077,-1.255,-1.255,2.135,-6.26,2.107,-0.97,-1.1,1.229,-3.509,1.309,-0.89
K. FC Marke A,Colin Degrande,11,5,0,0,450,0,0,0,0,0,0,0,0,Keeper,0.7,0.0,0.0,3,0,0,0,0,0,0,0,0,0,0,0,0,-0.029,0.011,0.011,2.694,-5.31,5.252,-0.01,0.28,1.474,-2.608,3.168,0.19
K. FC Marke A,Damien Kontogom,12,9,3,5,760,2,0,0,1,0,0,0,0,Speler,0.526,0.237,0.118,4,2,2,2,181,0,0,0,0,0,0,0,0,1.983,1.528,1.528,2.134,-2.2,6.166,0.93,0.982,1.228,-1.426,3.389,0.8
K. FC Marke A,Emile Vanluchene,12,12,0,1,1042,1,0,0,1,1,0,0,0,Speler,0.611,0.086,0.086,5,5,0,1,450,0,0,0,0,0,0,0,0,-0.157,-0.184,-0.184,2.681,-5.412,5.098,-0.06,-0.179,1.483,-3.086,2.728,-0.12
K. FC Marke A,Gerben Neirijnck,12,9,3,7,728,1,0,0,1,0,0,0,0,Speler,0.727,0.124,0.124,5,3,2,2,280,0,0,0,0,0,0,0,0,-0.62,-0.425,-0.425,2.097,-4.73,3.491,-0.3,-0.192,1.22,-2.584,2.199,-0.16
K. FC Marke A,Hannes Tieberghien,11,7,4,0,712,0,0,0,0,0,0,0,7,Speler,0.705,0.0,0.0,5,5,0,0,450,0,0,0,0,0,0,0,5,0.451,0.272,0.272,2.448,-4.348,5.249,0.18,0.453,1.372,-2.237,3.142,0.33
K. FC Marke A,Jannis Bourgeois,13,7,5,2,720,0,0,0,1,0,0,0,0,Speler,0.659,0.0,0.125,5,5,0,2,431,0,0,0,1,0,0,0,0,0.544,0.474,0.474,2.451,-4.26,5.349,0.22,0.839,1.37,-1.846,3.525,0.61
K. FC Marke A,Jarne Wullaert,13,13,0,4,1126,5,0,0,1,0,0,0,0,Speler,0.64,0.4,0.08,5,5,0,2,418,2,0,0,1,0,0,0,0,0.175,-0.123,-0.123,2.66,-5.038,5.388,0.07,-0.029,1.482,-2.934,2.876,-0.02
K. FC Marke A,Jelle Duthoo,13,13,0,7,1036,7,0,0,1,0,0,0,0,Speler,0.674,0.608,0.087,5,5,0,3,412,5,0,0,0,0,0,0,0,0.806,0.763,0.763,2.4,-3.898,5.509,0.34,0.94,1.366,-1.738,3.618,0.69
K. FC Marke A,Lander Denduyver,13,5,8,2,527,0,0,0,0,0,0,0,0,Speler,0.627,0.0,0.0,5,0,5,0,73,0,0,0,0,0,0,0,0,-0.643,-0.377,-0.377,2.152,-4.862,3.575,-0.3,-1.052,1.246,-3.495,1.39,-0.84
K. FC Marke A,Lucas Coornaert,9,0,9,0,133,2,0,0,0,0,0,0,0,Speler,0.283,1.353,0.0,5,0,5,0,84,2,0,0,0,0,0,0,0,-0.074,0.067,0.067,2.414,-4.805,4.656,-0.03,-0.449,1.384,-3.161,2.263,-0.32
K. FC Marke A,Lucas Vantieghem,10,5,5,2,493,1,0,0,1,0,0,0,0,Speler,0.702,0.183,0.183,4,2,2,1,178,0,0,0,0,0,0,0,0,-0.265,-0.137,-0.137,2.09,-4.361,3.83,-0.13,0.246,1.219,-2.143,2.635,0.2
K. FC Marke A,Monir Bouhid,6,3,3,3,316,3,0,0,2,0,0,0,0,Speler,0.416,0.854,0.57,0,0,0,0,0,0,0,0,0,0,0,0,0,-0.692,-0.053,-0.053,2.298,-5.197,3.813,-0.3,0.519,1.314,-2.056,3.094,0.4
K. FC Marke A,Noé Dirk Rogard,5,5,0,1,380,1,0,0,0,0,0,0,0,Speler,0.625,0.237,0.0,1,1,0,1,20,0,0,0,0,0,0,0,0,-0.561,-0.524,-0.524,2.223,-4.918,3.796,-0.25,-0.6,1.271,-3.091,1.891,-0.47
K. FC Marke A,Robbe Pattijne,11,8,0,0,720,0,0,0,0,0,0,3,0,Keeper,0.625,0.0,0.0,5,5,0,0,450,0,0,0,0,0,0,2,0,0.152,0.105,0.105,2.672,-5.085,5.388,0.06,-0.21,1.462,-3.075,2.655,-0.14
K. FC Marke A,Sem Menghis,2,0,0,0,0,0,0,0,0,0,0,0,0,Speler,0.0,0.0,0.0,1,0,0,0,0,0,0,0,0,0,0,0,0,,,,,,,,,,,,
K. FC Marke A,Siegurd Defoirdt,2,0,2,0,27,0,0,0,0,0,0,0,0,Speler,0.0,0.0,0.0,0,0,0,0,0,0,0,0,0,0,0,0,0,0.138,0.236,0.236,3.044,-5.827,6.104,0.05,-0.206,1.662,-3.465,3.052,-0.12
K. FC Marke A,Thomas Menghis,13,13,0,8,1001,2,0,0,1,0,0,0,0,Speler,0.672,0.18,0.09,5,5,0,3,403,1,0,0,0,0,0,0,0,1.292,0.753,0.753,2.412,-3.436,6.021,0.54,0.083,1.368,-2.599,2.765,0.06
K. FC Varsenare A,Andreas De Kerpel,13,12,0,1,1076,1,0,0,3,0,0,0,0,Speler,0.418,0.084,0.251,5,4,0,1,356,0,0,0,0,0,0,0,0,-1.427,-1.262,-1.262,2.487,-6.301,3.446,-0.57,-0.493,1.389,-3.217,2.23,-0.35
K. FC Varsenare A,Bavo Butaye,13,11,1,2,973,0,0,0,2,0,0,0,0,Speler,0.516,0.0,0.185,5,5,0,2,419,0,0,0,2,0,0,0,0,-1.374,-0.902,-0.902,2.562,-6.396,3.648,-0.54,-1.698,1.421,-4.483,1.087,-1.2
K. FC Varsenare A,Brent Ooghe,11,5,5,0,570,0,0,0,0,0,0,0,0,Speler,0.698,0.0,0.0,5,2,3,0,267,0,0,0,0,0,0,0,0,-0.628,-0.527,-0.527,2.139,-4.821,3.565,-0.29,-1.233,1.232,-3.647,1.181,-1.0
K. FC Varsenare A,Briek Crevits,10,0,8,0,91,1,0,0,1,0,0,0,0,Speler,0.5,0.989,0.989,3,0,3,0,37,1,0,0,1,0,0,0,0,0.155,0.22,0.22,2.553,-4.849,5.158,0.06,-0.303,1.451,-3.147,2.541,-0.21
K. FC Varsenare A,Eleazar Osei-Berkoe,6,5,1,4,382,1,0,0,0,0,0,0,0,Speler,0.636,0.236,0.0,5,4,1,3,303,1,0,0,0,0,0,0,0,-0.354,0.026,0.026,2.302,-4.865,4.157,-0.15,0.616,1.312,-1.956,3.187,0.47
K. FC Varsenare A,Gaëtan Deschepper,13,12,0,0,1030,1,0,0,1,0,1,0,1,Speler,0.5,0.087,0.087,5,5,0,0,450,1,0,0,1,0,0,0,0,1.428,1.225,1.225,2.36,-3.198,6.054,0.61,0.461,1.341,-2.167,3.088,0.34
K. FC Varsenare A,Ilko Kesteleyn,12,12,0,3,974,0,0,0,1,0,0,0,0,Speler,0.393,0.0,0.092,4,4,0,1,316,0,0,0,0,0,0,0,0,0.097,-0.024,-0.024,2.19,-4.195,4.39,0.04,0.022,1.258,-2.443,2.487,0.02
K. FC Varsenare A,Jari Van De Maele,14,14,0,2,1258,2,0,0,0,0,0,0,0,Speler,0.463,0.143,0.0,5,5,0,0,450,0,0,0,0,0,0,0,0,-0.435,-0.306,-0.306,3.019,-6.351,5.482,-0.14,-0.28,1.627,-3.469,2.909,-0.17
K. FC Varsenare A,Jerzy Mestdagh,14,14,0,6,1200,7,0,0,1,0,0,0,0,Speler,0.568,0.525,0.075,5,5,0,2,432,0,0,0,0,0,0,0,0,1.792,1.126,1.126,2.585,-3.274,6.859,0.69,2.025,1.453,-0.823,4.872,1.39
K. FC Varsenare A,Kenneth Vonck,13,13,0,0,1170,0,0,0,0,0,0,0,0,Keeper,0.423,0.0,0.0,5,5,0,0,450,0,0,0,0,0,0,0,0,-0.743,-0.493,-0.493,2.772,-6.175,4.69,-0.27,-0.566,1.514,-3.534,2.402,-0.37
K. FC Varsenare A,Martijn Ameel,10,5,3,1,525,0,0,0,0,0,0,0,0,Speler,0.37,0.0,0.0,4,0,3,0,76,0,0,0,0,0,0,0,0,-0.046,0.218,0.218,2.205,-4.367,4.275,-0.02,-0.578,1.262,-3.051,1.894,-0.46
K. FC Varsenare A,Olivier Delcampe,11,11,0,1,908,0,0,0,2,0,0,0,4,Speler,0.55,0.0,0.198,5,5,0,0,450,0,0,0,1,0,0,0,3,0.425,0.102,0.102,2.383,-4.246,5.096,0.18,0.124,1.335,-2.493,2.74,0.09
K. FC Varsenare A,Pieter Geldof,9,9,0,1,750,3,0,0,4,0,0,0,9,Speler,0.56,0.36,0.48,2,2,0,1,120,0,0,0,1,0,0,0,2,0.73,0.34,0.34,2.132,-3.449,4.909,0.34,0.757,1.228,-1.651,3.165,0.62
K. FC Varsenare A,Rien Plasschaert,7,7,0,3,561,3,0,0,1,0,0,0,0,Speler,0.437,0.481,0.16,0,0,0,0,0,0,0,0,0,0,0,0,0,1.348,1.264,1.264,2.477,-3.508,6.203,0.54,1.373,1.39,-1.351,4.098,0.99
K. FC Varsenare A,Robby Bollaert,5,3,1,3,274,0,0,0,0,0,0,0,0,Speler,0.356,0.0,0.0,0,0,0,0,0,0,0,0,0,0,0,0,0,-0.41,-0.446,-0.446,2.324,-4.965,4.146,-0.18,-0.9,1.336,-3.519,1.718,-0.67
K. FC Varsenare A,Rune Vandamme-Vinckier,9,1,5,0,216,0,0,0,1,0,0,0,0,Speler,0.0,0.0,0.417,0,0,0,0,0,0,0,0,0,0,0,0,0,-2.767,-1.849,-1.849,2.269,-7.213,1.679,-1.22,-2.089,1.314,-4.665,0.486,-1.59
K. FC Varsenare A,Samuel Mbeah,6,0,4,0,22,0,0,0,0,0,0,0,0,Speler,0.0,0.0,0.0,3,0,2,0,10,0,0,0,0,0,0,0,0,0.158,0.247,0.247,3.01,-5.742,6.058,0.05,0.137,1.653,-3.104,3.377,0.08
K. FC Varsenare A,Sebastien Cattoor,12,1,1,0,101,0,0,0,0,0,0,1,0,Keeper,1.0,0.0,0.0,5,0,0,0,0,0,0,0,0,0,0,0,0,-0.36,-0.307,-0.307,2.803,-5.854,5.134,-0.13,0.18,1.55,-2.858,3.219,0.12
K. FC Varsenare A,Thibo Janssens,10,10,0,1,896,7,0,0,0,0,0,0,0,Speler,0.452,0.703,0.0,5,5,0,1,446,3,0,0,0,0,0,0,0,-0.353,0.024,0.024,2.308,-4.876,4.17,-0.15,-0.988,1.299,-3.534,1.558,-0.76
K. FC Varsenare A,Timon Bogaert,13,9,3,4,833,0,0,0,2,0,0,0,0,Speler,0.579,0.0,0.216,5,4,1,2,368,0,0,0,1,0,0,0,0,0.818,0.427,0.427,2.233,-3.558,5.194,0.37,1.255,1.273,-1.239,3.75,0.99
K. RC Bissegem,Andres Dewaele,12,7,5,3,764,3,1,0,2,1,0,0,0,Speler,0.511,0.353,0.236,5,5,0,2,439,2,1,0,1,0,0,0,0,0.028,0.072,0.072,2.163,-4.211,4.267,0.01,-0.063,1.247,-2.508,2.381,-0.05
K. RC Bissegem,Arne Derycke,10,4,6,1,448,0,0,0,4,0,0,0,0,Speler,0.495,0.0,0.804,5,2,3,0,260,0,0,0,1,0,0,0,0,-0.83,-0.653,-0.653,2.132,-5.009,3.349,-0.39,-0.523,1.232,-2.938,1.893,-0.42
K. RC Bissegem,Björn Jacky Dewaele,7,3,0,0,270,0,0,0,0,0,0,1,0,Keeper,0.333,0.0,0.0,5,3,0,0,270,0,0,0,0,0,0,1,0,0.118,0.195,0.195,2.765,-5.302,5.538,0.04,-0.092,1.507,-3.046,2.861,-0.06
K. RC Bissegem,Bruno Dhoop,12,12,0,0,1080,3,0,0,2,0,0,0,0,Speler,0.542,0.25,0.167,4,4,0,0,360,2,0,0,1,0,0,0,0,0.587,0.437,0.437,2.758,-4.818,5.992,0.21,0.369,1.511,-2.592,3.33,0.24
K. RC Bissegem,Corentyn Duviler,13,11,2,3,986,0,0,0,1,0,0,0,0,Speler,0.465,0.0,0.091,5,5,0,2,418,0,0,0,0,0,0,0,0,-1.756,-1.371,-1.371,2.309,-6.281,2.769,-0.76,-1.265,1.319,-3.85,1.319,-0.96
K. RC Bissegem,Elyas Barros Silva,7,5,2,1,482,0,0,0,0,0,0,0,0,Speler,0.704,0.0,0.0,0,0,0,0,0,0,0,0,0,0,0,0,0,1.414,0.985,0.985,2.127,-2.755,5.583,0.66,0.933,1.229,-1.477,3.342,0.76
K. RC Bissegem,Emiel Martens,13,10,0,0,900,0,0,0,0,0,0,1,0,Keeper,0.6,0.0,0.0,5,2,0,0,180,0,0,0,0,0,0,0,0,0.216,-0.004,-0.004,2.714,-5.103,5.536,0.08,0.216,1.475,-2.676,3.107,0.15
K. RC Bissegem,Gaëtan Tom Vercaemer,9,4,5,3,372,1,0,0,1,0,0,0,0,Speler,0.748,0.242,0.242,5,0,5,0,66,0,0,0,1,0,0,0,0,2.3,1.377,1.377,2.164,-1.94,6.541,1.06,0.794,1.252,-1.66,3.247,0.63
K. RC Bissegem,Gilles Hamers,11,11,0,4,909,0,0,0,3,0,0,0,0,Speler,0.563,0.0,0.297,4,4,0,2,307,0,0,0,1,0,0,0,0,0.486,0.215,0.215,2.253,-3.93,4.903,0.22,0.23,1.287,-2.292,2.752,0.18
K. RC Bissegem,Glenn Lapeire,5,2,1,2,142,0,0,0,0,0,0,0,0,Speler,0.534,0.0,0.0,3,0,1,0,11,0,0,0,0,0,0,0,0,-0.006,0.028,0.028,2.707,-5.312,5.301,-0.0,-0.416,1.501,-3.358,2.527,-0.28
K. RC Bissegem,Kenzie Vandeputte,9,9,0,9,573,9,0,0,0,0,0,0,0,Speler,0.602,1.414,0.0,3,3,0,3,213,0,0,0,0,0,0,0,0,0.053,-0.078,-0.078,2.492,-4.832,4.938,0.02,0.716,1.382,-1.992,3.424,0.52
K. RC Bissegem,Mamadou Ba,4,0,4,0,41,0,0,0,0,0,0,0,0,Speler,0.0,0.0,0.0,1,0,1,0,0,0,0,0,0,0,0,0,0,-0.348,-0.365,-0.365,2.854,-5.941,5.246,-0.12,0.188,1.585,-2.918,3.295,0.12
K. RC Bissegem,Matteo Coqu,13,11,2,0,1039,1,0,0,1,0,0,0,0,Speler,0.603,0.087,0.087,5,5,0,0,450,0,0,0,1,0,0,0,0,1.252,1.05,1.05,2.671,-3.983,6.486,0.47,0.675,1.471,-2.209,3.559,0.46
K. RC Bissegem,Miguel Schelstraete,5,0,4,0,33,0,0,0,0,0,0,0,0,Speler,0.0,0.0,0.0,1,0,1,0,11,0,0,0,0,0,0,0,0,0.298,0.282,0.282,2.922,-5.43,6.025,0.1,0.258,1.613,-2.903,3.42,0.16
K. RC Bissegem,Orry Vancraeyveldt,12,12,0,2,1025,2,0,0,3,0,0,0,0,Speler,0.587,0.176,0.263,4,4,0,1,333,0,0,0,1,0,0,0,0,-0.228,-0.023,-0.023,2.342,-4.818,4.362,-0.1,-0.215,1.337,-2.836,2.406,-0.16
K. RC Bissegem,Robin Ameye,6,2,4,0,220,0,0,0,1,0,0,0,0,Speler,0.335,0.0,0.409,4,2,2,0,207,0,0,0,1,0,0,0,0,1.173,0.544,0.544,2.388,-3.508,5.854,0.49,0.005,1.36,-2.66,2.671,0.0
K. RC Bissegem,Rutger Sturm,13,12,1,10,918,4,0,0,0,0,0,0,2,Speler,0.556,0.392,0.0,5,5,0,3,403,3,0,0,0,0,0,0,1,1.148,0.985,0.985,2.154,-3.074,5.37,0.53,1.004,1.245,-1.437,3.444,0.81
K. RC Bissegem,Wim Vandoorne,11,11,0,4,927,0,0,0,1,0,0,0,11,Speler,0.503,0.0,0.097,4,4,0,3,326,0,0,0,1,0,0,0,4,-1.845,-1.308,-1.308,2.312,-6.377,2.687,-0.8,-1.122,1.314,-3.698,1.454,-0.85
K. RC Bissegem,Yari Vercaemere,13,4,9,2,584,4,0,0,2,0,0,0,0,Speler,0.505,0.616,0.308,5,2,3,0,246,2,0,0,1,0,0,0,0,-0.175,-0.102,-0.102,2.387,-4.853,4.503,-0.07,-0.314,1.338,-2.937,2.309,-0.23
K. RC Bissegem,Zito Bostoen,13,13,0,1,1157,0,0,0,0,0,0,0,0,Speler,0.545,0.0,0.0,5,5,0,0,450,0,0,0,0,0,0,0,0,-0.209,-0.165,-0.165,2.906,-5.904,5.486,-0.07,-0.022,1.583,-3.125,3.081,-0.01
K. SV Bredene A,Aboubacar Abdurahman Mahmoud,1,0,1,0,15,0,0,0,0,0,0,0,0,Speler,0.0,0.0,0.0,0,0,0,0,0,0,0,0,0,0,0,0,0,-1.186,-1.031,-1.031,3.121,-7.302,4.931,-0.38,0.071,1.696,-3.254,3.396,0.04
K. SV Bredene A,Ahmed Raef Van Cauwenberghe,3,1,2,1,125,0,0,0,0,0,0,0,0,Speler,0.212,0.0,0.0,3,1,2,1,125,0,0,0,0,0,0,0,0,1.09,0.654,0.654,2.61,-4.026,6.206,0.42,-0.188,1.468,-3.066,2.69,-0.13
K. SV Bredene A,Ahmed Rayane Meziane Mtalsi,1,0,0,0,0,0,0,0,0,0,0,0,0,Keeper,0.0,0.0,0.0,0,0,0,0,0,0,0,0,0,0,0,0,0,,,,,,,,,,,,
K. SV Bredene A,Alexys Marc Sézille,11,10,1,0,925,0,0,1,4,0,0,0,0,Speler,0.0,0.0,0.389,4,3,1,0,295,0,0,0,0,0,0,0,0,-0.273,0.01,0.01,2.205,-4.595,4.05,-0.12,-0.002,1.249,-2.449,2.445,-0.0
K. SV Bredene A,Anes Meftah,2,1,0,0,90,0,0,0,0,0,0,0,0,Speler,0.0,0.0,0.0,0,0,0,0,0,0,0,0,0,0,0,0,0,0.564,0.318,0.318,3.057,-5.427,6.556,0.18,-0.02,1.649,-3.252,3.211,-0.01
K. SV Bredene A,Arnaud Axel Depuydt,4,4,0,0,317,0,0,0,0,0,1,0,4,Keeper,0.0,0.0,0.0,0,0,0,0,0,0,0,0,0,0,0,0,0,1.515,1.103,1.103,2.712,-3.801,6.831,0.56,0.089,1.487,-2.826,3.004,0.06
K. SV Bredene A,Asrab Magomadov,10,8,2,4,626,0,0,0,1,0,0,0,0,Speler,0.022,0.0,0.144,3,3,0,1,215,0,0,0,0,0,0,0,0,-0.715,-0.29,-0.29,1.91,-4.458,3.029,-0.37,-0.001,1.123,-2.202,2.2,-0.0
K. SV Bredene A,Atikou Koura,4,1,3,0,144,0,0,0,1,0,0,0,0,Speler,0.115,0.0,0.625,3,1,2,0,135,0,0,0,1,0,0,0,0,-0.053,-0.013,-0.013,2.583,-5.116,5.01,-0.02,0.513,1.452,-2.333,3.36,0.35
K. SV Bredene A,Edi Tahiri,9,6,3,3,566,1,0,0,0,0,0,0,0,Speler,0.0,0.159,0.0,4,2,2,2,207,1,0,0,0,0,0,0,0,-0.225,-0.277,-0.277,2.125,-4.391,3.941,-0.11,0.148,1.222,-2.246,2.542,0.12
K. SV Bredene A,Esteban Neirinckx,2,1,1,0,105,0,0,0,0,0,0,0,0,Speler,0.0,0.0,0.0,0,0,0,0,0,0,0,0,0,0,0,0,0,-1.626,-1.002,-1.002,2.809,-7.131,3.879,-0.58,-0.094,1.552,-3.136,2.948,-0.06
K. SV Bredene A,Fada Hussain Mohammadi,3,0,2,0,29,0,0,0,0,0,0,0,0,Speler,0.0,0.0,0.0,3,0,2,0,29,0,0,0,0,0,0,0,0,-0.198,-0.324,-0.324,3.011,-6.099,5.703,-0.07,0.379,1.649,-2.852,3.61,0.23
K. SV Bredene A,Filimon Brhane Michael,3,0,3,0,64,0,0,0,0,0,0,0,0,Speler,0.289,0.0,0.0,2,0,2,0,57,0,0,0,0,0,0,0,0,0.073,0.043,0.043,2.827,-5.468,5.615,0.03,-0.027,1.564,-3.093,3.038,-0.02
K. SV Bredene A,Genc Hysenbegasi,12,7,5,4,637,0,0,0,1,0,0,0,0,Speler,0.0,0.0,0.141,5,4,1,3,317,0,0,0,1,0,0,0,0,1.3,0.905,0.905,2.116,-2.847,5.448,0.61,0.275,1.237,-2.149,2.699,0.22
K. SV Bredene A,Ibragim Akhtakhanov,10,10,0,1,873,1,3,0,0,0,0,0,0,Speler,0.0,0.103,0.0,4,4,0,0,360,0,0,0,0,0,0,0,0,-1.164,-0.95,-0.95,2.187,-5.45,3.123,-0.53,-0.372,1.234,-2.792,2.047,-0.3
K. SV Bredene A,Iker Wÿnrocx,10,9,1,3,754,0,0,0,1,1,0,0,0,Speler,0.0,0.0,0.119,5,5,0,1,413,0,0,0,1,1,0,0,0,-1.341,-0.719,-0.719,2.317,-5.882,3.2,-0.58,-0.124,1.32,-2.712,2.464,-0.09
K. SV Bredene A,Jaden Mercy,1,0,1,0,21,0,0,0,0,0,0,0,0,Speler,0.0,0.0,0.0,0,0,0,0,0,0,0,0,0,0,0,0,0,0.201,0.224,0.224,3.128,-5.93,6.332,0.06,-0.003,1.693,-3.322,3.315,-0.0
K. SV Bredene A,Jorben Goes,13,12,1,3,1037,1,0,0,0,0,0,0,0,Speler,0.0,0.087,0.0,4,3,1,2,238,0,0,0,0,0,0,0,0,-1.403,-0.819,-0.819,2.381,-6.069,3.263,-0.59,0.081,1.333,-2.532,2.693,0.06
K. SV Bredene A,Keano Dildick,2,2,0,0,180,0,0,0,1,0,0,0,0,Speler,0.0,0.0,0.5,0,0,0,0,0,0,0,0,0,0,0,0,0,-0.993,-0.68,-0.68,2.789,-6.46,4.473,-0.36,0.318,1.529,-2.678,3.315,0.21
K. SV Bredene A,Kenji Verminck,6,5,1,1,415,0,0,0,1,0,0,0,0,Speler,0.0,0.0,0.217,0,0,0,0,0,0,0,0,0,0,0,0,0,-1.167,-0.696,-0.696,2.406,-5.883,3.549,-0.49,0.153,1.357,-2.505,2.812,0.11
K. SV Bredene A,Korkut Eray Gül,1,0,1,0,58,0,0,0,0,0,0,0,0,Speler,0.0,0.0,0.0,0,0,0,0,0,0,0,0,0,0,0,0,0,-1.36,-0.804,-0.804,2.956,-7.155,4.434,-0.46,-0.161,1.622,-3.34,3.018,-0.1
K. SV Bredene A,Kyan Naessens,4,1,0,0,90,0,0,0,0,0,0,0,0,Keeper,0.0,0.0,0.0,0,0,0,0,0,0,0,0,0,0,0,0,0,-1.394,-1.185,-1.185,2.977,-7.229,4.44,-0.47,-0.086,1.617,-3.256,3.085,-0.05
K. SV Bredene A,Mats Boey,3,1,2,0,141,0,0,0,0,0,0,0,0,Speler,0.0,0.0,0.0,0,0,0,0,0,0,0,0,0,0,0,0,0,0.442,0.329,0.329,2.687,-4.825,5.709,0.16,-0.402,1.492,-3.327,2.523,-0.27
K. SV Bredene A,Mehdi Hossaini,8,7,1,3,592,0,1,0,2,0,0,0,0,Speler,0.0,0.0,0.304,2,1,1,1,88,0,0,0,1,0,0,0,0,-0.254,-0.29,-0.29,2.362,-4.883,4.375,-0.11,-0.57,1.332,-3.181,2.041,-0.43
K. SV Bredene A,Melek Labihi,12,12,0,5,990,0,0,0,4,0,0,0,0,Speler,0.0,0.0,0.364,4,4,0,1,335,0,0,0,2,0,0,0,0,0.227,0.331,0.331,2.292,-4.266,4.721,0.1,-0.657,1.299,-3.202,1.889,-0.51
K. SV Bredene A,Mohamad Attar Banksli,2,0,2,0,35,0,0,0,0,0,0,0,0,Speler,0.0,0.0,0.0,2,0,2,0,35,0,0,0,0,0,0,0,0,0.031,0.071,0.071,2.983,-5.815,5.877,0.01,0.583,1.634,-2.619,3.786,0.36
K. SV Bredene A,Moussa Oumarou,7,6,1,2,436,0,0,0,2,1,0,0,0,Speler,0.0,0.0,0.413,3,3,0,1,199,0,0,0,1,1,0,0,0,0.219,0.437,0.437,2.131,-3.958,4.395,0.1,-0.376,1.23,-2.786,2.034,-0.31
K. SV Bredene A,Muhamadhabib Aliev,3,3,0,2,227,0,0,0,0,0,0,0,0,Speler,0.0,0.0,0.0,2,2,0,2,137,0,0,0,0,0,0,0,0,0.855,0.538,0.538,2.604,-4.248,5.959,0.33,0.531,1.454,-2.319,3.38,0.37
K. SV Bredene A,Natnael Habteab Hagos,9,9,0,1,780,0,0,0,4,0,0,0,0,Speler,0.0,0.0,0.462,4,4,0,0,360,0,0,0,2,0,0,0,0,1.374,0.86,0.86,2.247,-3.031,5.778,0.61,0.1,1.269,-2.388,2.588,0.08
K. SV Bredene A,Nicolas Brouckmeersch,3,3,0,1,245,0,0,0,1,0,0,0,0,Speler,0.0,0.0,0.367,0,0,0,0,0,0,0,0,0,0,0,0,0,-0.277,-0.086,-0.086,2.717,-5.602,5.047,-0.1,0.219,1.496,-2.713,3.151,0.15
K. SV Bredene A,Nika Rizhamadze,13,13,0,1,1105,0,0,0,4,1,0,0,10,Speler,0.0,0.0,0.326,5,5,0,0,450,0,0,0,1,0,0,0,5,-1.341,-0.879,-0.879,2.343,-5.933,3.251,-0.57,-0.27,1.333,-2.883,2.342,-0.2
K. SV Bredene A,Nyo Cool,9,7,2,3,664,0,0,0,1,0,0,0,0,Speler,0.0,0.0,0.136,5,5,0,3,409,0,0,0,1,0,0,0,0,-0.129,-0.187,-0.187,2.274,-4.587,4.329,-0.06,-0.138,1.303,-2.691,2.415,-0.11
K. SV Bredene A,Omar Moujtahid,1,0,1,0,9,0,0,0,0,0,0,0,0,Speler,0.0,0.0,0.0,1,0,1,0,9,0,0,0,0,0,0,0,0,0.665,0.654,0.654,3.182,-5.573,6.903,0.21,0.098,1.719,-3.272,3.468,0.06
K. SV Bredene A,Owen Tomme,7,6,1,1,563,0,0,0,1,0,0,0,0,Speler,0.0,0.0,0.16,1,0,1,0,31,0,0,0,0,0,0,0,0,-1.633,-0.899,-0.899,2.436,-6.409,3.142,-0.67,-0.954,1.362,-3.623,1.715,-0.7
K. SV Bredene A,Théo Arthur Berg,10,9,1,0,853,0,0,0,0,0,0,0,0,Keeper,0.0,0.0,0.0,5,5,0,0,450,0,0,0,0,0,0,0,0,-1.175,-0.523,-0.523,2.417,-5.912,3.563,-0.49,-0.167,1.34,-2.793,2.459,-0.12
K. SV Moorsele A,Andreas Gheldof,8,3,5,1,311,0,0,0,0,0,0,0,0,Speler,0.58,0.0,0.0,4,2,2,1,151,0,0,0,0,0,0,0,0,0.593,0.349,0.349,2.226,-3.77,4.956,0.27,0.76,1.289,-1.765,3.286,0.59
K. SV Moorsele A,Arne Scheldeman,3,3,0,1,208,0,0,0,0,0,0,0,0,Speler,0.433,0.0,0.0,3,3,0,1,208,0,0,0,0,0,0,0,0,0.348,0.257,0.257,2.703,-4.95,5.646,0.13,0.274,1.483,-2.632,3.181,0.19
K. SV Moorsele A,Bas Descheemaeker,9,9,0,4,691,1,0,0,1,0,0,0,0,Speler,0.297,0.13,0.13,3,3,0,2,215,0,0,0,0,0,0,0,0,-0.898,-0.358,-0.358,2.028,-4.873,3.077,-0.44,-0.67,1.179,-2.981,1.64,-0.57
K. SV Moorsele A,Bjarne Vanderstraeten,14,14,0,3,1195,8,0,0,1,0,0,0,0,Speler,0.331,0.603,0.075,5,5,0,1,442,1,0,0,0,0,0,0,0,0.001,-0.034,-0.034,2.677,-5.246,5.247,0.0,-0.294,1.484,-3.203,2.616,-0.2
K. SV Moorsele A,Broos Verlinde,14,14,0,0,1260,0,0,0,0,0,0,1,14,Keeper,0.321,0.0,0.0,5,5,0,0,450,0,0,0,0,0,0,1,5,-0.038,-0.026,-0.026,3.072,-6.059,5.982,-0.01,-0.017,1.642,-3.235,3.202,-0.01
K. SV Moorsele A,Gilles Bouckaert,13,12,1,3,1050,2,0,0,2,0,0,0,0,Speler,0.325,0.171,0.171,5,5,0,2,427,1,0,0,1,0,0,0,0,-1.42,-1.0,-1.0,2.302,-5.932,3.092,-0.62,-0.623,1.315,-3.201,1.954,-0.47
K. SV Moorsele A,Gilles Soens,13,12,1,1,1061,0,0,0,2,0,0,0,0,Speler,0.343,0.0,0.17,5,5,0,0,450,0,0,0,1,0,0,0,0,-0.973,-0.418,-0.418,2.212,-5.309,3.363,-0.44,-0.007,1.273,-2.502,2.487,-0.01
K. SV Moorsele A,Jelle De Corte,1,0,0,0,0,0,0,0,0,0,0,0,0,Keeper,0.0,0.0,0.0,1,0,0,0,0,0,0,0,0,0,0,0,0,,,,,,,,,,,,
K. SV Moorsele A,Jonas Hanson,11,6,5,4,631,2,0,0,0,0,0,0,0,Speler,0.355,0.285,0.0,3,1,2,1,130,1,0,0,0,0,0,0,0,-0.091,-0.134,-0.134,1.878,-3.772,3.589,-0.05,-0.321,1.116,-2.509,1.867,-0.29
K. SV Moorsele A,Kevin Lefever,14,9,5,6,717,0,0,0,2,0,0,0,0,Speler,0.239,0.0,0.251,5,3,2,2,218,0,0,0,1,0,0,0,0,-0.588,-0.319,-0.319,2.046,-4.599,3.423,-0.29,-0.578,1.189,-2.909,1.753,-0.49
K. SV Moorsele A,Klaas Lievrouw,11,9,1,2,813,0,0,0,4,0,0,0,0,Speler,0.401,0.0,0.443,4,3,1,1,311,0,0,0,3,0,0,0,0,0.805,0.374,0.374,2.087,-3.285,4.895,0.39,0.472,1.207,-1.894,2.837,0.39
K. SV Moorsele A,Lander Van Wassenhove,11,11,0,0,967,1,0,0,2,0,1,0,0,Speler,0.326,0.093,0.186,4,4,0,0,360,0,0,0,2,0,0,0,0,0.438,0.424,0.424,2.227,-3.927,4.803,0.2,0.239,1.273,-2.256,2.735,0.19
K. SV Moorsele A,Lander Vandenberghe,10,5,4,0,555,0,0,0,1,0,0,0,0,Speler,0.289,0.0,0.162,5,3,2,0,353,0,0,0,0,0,0,0,0,-0.279,-0.16,-0.16,2.224,-4.638,4.08,-0.13,-0.166,1.272,-2.66,2.328,-0.13
K. SV Moorsele A,Matthijs Blancke,13,11,1,0,1052,0,0,0,0,0,0,0,0,Speler,0.299,0.0,0.0,4,2,1,0,242,0,0,0,0,0,0,0,0,-0.386,-0.283,-0.283,2.61,-5.502,4.729,-0.15,-0.291,1.429,-3.091,2.509,-0.2
K. SV Moorsele A,Melvin Manuel Neves,6,3,3,4,281,0,0,0,0,0,0,0,0,Speler,0.287,0.0,0.0,0,0,0,0,0,0,0,0,0,0,0,0,0,0.29,0.099,0.099,2.267,-4.155,4.734,0.13,0.215,1.307,-2.346,2.776,0.16
K. SV Moorsele A,Niel Neyrinck,9,6,3,2,581,0,0,0,1,0,0,0,0,Speler,0.469,0.0,0.155,2,1,1,0,124,0,0,0,0,0,0,0,0,0.663,0.476,0.476,2.231,-3.71,5.035,0.3,0.806,1.276,-1.695,3.307,0.63
K. SV Moorsele A,Obe Eggermont,10,8,2,6,548,0,0,0,0,0,0,0,0,Speler,0.201,0.0,0.0,4,4,0,4,228,0,0,0,0,0,0,0,0,-0.016,-0.077,-0.077,2.183,-4.295,4.263,-0.01,-0.291,1.248,-2.738,2.155,-0.23
K. SV Moorsele A,Obie De Smet,11,7,4,4,643,0,0,0,1,0,0,0,0,Speler,0.352,0.0,0.14,3,3,0,2,198,0,0,0,1,0,0,0,0,1.884,0.945,0.945,1.942,-1.922,5.69,0.97,0.219,1.143,-2.022,2.459,0.19
K. SV Moorsele A,Owen Deceuninck,1,0,0,0,0,0,0,0,0,0,0,0,0,Speler,0.0,0.0,0.0,0,0,0,0,0,0,0,0,0,0,0,0,0,,,,,,,,,,,,
K. SV Moorsele A,Rune Deprez,2,0,2,0,46,0,0,0,0,0,0,0,0,Speler,0.0,0.0,0.0,1,0,1,0,30,0,0,0,0,0,0,0,0,-0.994,-0.622,-0.622,2.881,-6.64,4.651,-0.35,0.102,1.595,-3.023,3.228,0.06
K. SV Moorsele A,Rune Six,6,3,3,3,303,0,0,0,1,0,0,0,0,Speler,0.47,0.0,0.297,3,1,2,1,131,0,0,0,1,0,0,0,0,-0.85,-0.624,-0.624,2.253,-5.267,3.566,-0.38,-0.348,1.305,-2.905,2.209,-0.27
K. SV Moorsele A,Simon Buyssens,10,5,4,5,405,0,0,0,0,0,0,0,0,Speler,0.183,0.0,0.0,3,0,2,0,34,0,0,0,0,0,0,0,0,-0.631,-0.41,-0.41,2.046,-4.642,3.379,-0.31,-0.87,1.199,-3.221,1.48,-0.73
K. SV Moorsele A,Simon Verhelst,11,4,6,1,519,0,0,0,3,0,0,0,0,Speler,0.203,0.0,0.52,4,2,2,0,248,0,0,0,2,0,0,0,0,1.772,1.325,1.325,1.934,-2.019,5.564,0.92,1.359,1.145,-0.884,3.603,1.19
K. SV Moorsele A,Tibe Vercruysse,13,0,0,0,0,0,0,0,0,0,0,0,0,Keeper,0.0,0.0,0.0,4,0,0,0,0,0,0,0,0,0,0,0,0,,,,,,,,,,,,
K. VC Ardooie A,Achiel Denijs,3,1,2,1,94,0,0,0,1,0,0,0,0,Speler,0.5,0.0,0.957,0,0,0,0,0,0,0,0,0,0,0,0,0,-0.902,-0.502,-0.502,2.616,-6.029,4.224,-0.34,-0.765,1.48,-3.665,2.136,-0.52
K. VC Ardooie A,Achille Callens,11,8,3,3,697,0,0,0,0,0,0,0,0,Speler,0.529,0.0,0.0,4,3,1,0,315,0,0,0,0,0,0,0,0,-0.174,-0.332,-0.332,2.071,-4.234,3.886,-0.08,-0.005,1.193,-2.343,2.332,-0.0
K. VC Ardooie A,Brent Callewaert,14,14,0,0,1260,0,0,0,1,0,0,3,9,Keeper,0.571,0.0,0.071,5,5,0,0,450,0,0,0,0,0,0,1,5,0.028,0.016,0.016,3.093,-6.034,6.09,0.01,0.016,1.653,-3.224,3.256,0.01
K. VC Ardooie A,Clément Tournicourt,11,1,10,1,169,1,0,0,0,0,0,0,0,Speler,0.889,0.533,0.0,5,1,4,1,118,1,0,0,0,0,0,0,0,0.035,0.052,0.052,2.409,-4.686,4.757,0.01,0.665,1.378,-2.036,3.367,0.48
K. VC Ardooie A,Edouard Holvoet,14,7,7,6,678,3,0,0,1,0,0,0,0,Speler,0.498,0.398,0.133,5,4,1,4,329,2,0,0,1,0,0,0,0,-0.78,-0.644,-0.644,1.909,-4.522,2.963,-0.41,-0.279,1.124,-2.481,1.923,-0.25
K. VC Ardooie A,Gianluca Cardoen,12,9,3,5,816,1,0,1,3,0,0,0,0,Speler,0.571,0.11,0.331,4,4,0,1,355,0,0,1,1,0,0,0,0,1.17,0.93,0.93,2.089,-2.924,5.265,0.56,0.56,1.202,-1.797,2.916,0.47
K. VC Ardooie A,Gilles Rosseel,12,10,2,1,927,2,0,0,3,0,0,0,0,Speler,0.505,0.194,0.291,4,2,2,0,216,1,0,0,0,0,0,0,0,-0.433,-0.218,-0.218,2.267,-4.876,4.01,-0.19,-1.014,1.291,-3.544,1.516,-0.79
K. VC Ardooie A,Giovanni Franco Simoês,9,5,4,4,394,0,0,0,0,0,0,0,0,Speler,0.277,0.0,0.0,3,0,3,0,51,0,0,0,0,0,0,0,0,-0.331,-0.16,-0.16,2.209,-4.661,3.999,-0.15,-0.796,1.273,-3.291,1.698,-0.63
K. VC Ardooie A,Glenn Maddens,13,12,1,0,1146,3,0,0,3,0,0,0,4,Speler,0.529,0.236,0.236,5,5,0,0,450,1,0,0,0,0,0,0,0,-0.506,-0.371,-0.371,2.592,-5.586,4.574,-0.2,-0.027,1.444,-2.857,2.803,-0.02
K. VC Ardooie A,Gregory Hermans,13,13,0,5,1148,5,1,0,3,0,0,0,0,Speler,0.616,0.392,0.235,4,4,0,3,353,3,0,0,1,0,0,0,0,-1.019,-0.747,-0.747,2.38,-5.684,3.647,-0.43,-0.672,1.36,-3.338,1.994,-0.49
K. VC Ardooie A,Griffin George,6,0,6,0,21,0,0,0,0,0,0,0,0,Speler,0.0,0.0,0.0,4,0,4,0,9,0,0,0,0,0,0,0,0,0.502,0.353,0.353,2.984,-5.347,6.351,0.17,-0.201,1.645,-3.425,3.023,-0.12
K. VC Ardooie A,Guillaume Tournicourt,14,10,4,5,928,0,0,0,3,0,0,0,0,Speler,0.605,0.0,0.291,5,5,0,2,443,0,0,0,1,0,0,0,0,0.142,-0.084,-0.084,2.3,-4.367,4.65,0.06,-0.07,1.313,-2.643,2.503,-0.05
K. VC Ardooie A,Jordi Loncke,12,9,3,8,697,1,0,0,1,0,0,0,0,Speler,0.404,0.129,0.129,4,3,1,2,205,1,0,0,0,0,0,0,0,0.267,0.143,0.143,2.06,-3.771,4.306,0.13,0.35,1.195,-1.993,2.693,0.29
K. VC Ardooie A,Lennert Van De Putte,14,13,1,3,1154,6,0,0,0,0,0,0,0,Speler,0.619,0.468,0.0,5,5,0,2,426,3,0,0,0,0,0,0,0,1.282,1.046,1.046,2.472,-3.563,6.126,0.52,1.569,1.4,-1.175,4.313,1.12
K. VC Ardooie A,Matisse Maelfait,14,8,6,5,734,1,0,0,2,0,0,0,0,Speler,0.636,0.123,0.245,5,4,1,2,331,0,0,0,2,0,0,0,0,0.896,0.573,0.573,2.098,-3.216,5.009,0.43,0.215,1.21,-2.157,2.587,0.18
K. VC Ardooie A,Maxim Ver Eecke,14,7,7,4,706,1,0,0,1,0,0,0,0,Speler,0.717,0.127,0.127,5,1,4,1,157,0,0,0,1,0,0,0,0,0.546,0.39,0.39,2.132,-3.633,4.725,0.26,0.798,1.226,-1.605,3.201,0.65
K. VC Ardooie A,Miguel Vanhee,3,0,0,0,0,0,0,0,0,0,0,0,0,Keeper,0.0,0.0,0.0,2,0,0,0,0,0,0,0,0,0,0,0,0,,,,,,,,,,,,
K. VC Ardooie A,Rune Babylon,13,11,2,9,893,1,0,0,3,0,0,0,0,Speler,0.58,0.101,0.302,4,4,0,4,252,1,0,0,1,0,0,0,0,0.27,0.156,0.156,2.04,-3.728,4.269,0.13,0.099,1.186,-2.225,2.424,0.08
K. VC Ardooie A,Vadim Vanneste,8,4,2,3,313,0,0,0,0,0,0,0,0,Speler,0.703,0.0,0.0,2,0,2,0,45,0,0,0,0,0,0,0,0,-0.227,-0.144,-0.144,2.297,-4.729,4.275,-0.1,0.116,1.307,-2.447,2.679,0.09
K. VC Ardooie A,Vusumuzi Nyoni,14,12,2,2,1085,1,0,0,0,0,0,0,1,Speler,0.586,0.083,0.0,5,5,0,1,445,0,0,0,0,0,0,0,0,-0.461,-0.278,-0.278,2.462,-5.287,4.364,-0.19,-0.386,1.388,-3.107,2.335,-0.28
K. WS Oudenburg,Aaron Ghesquière,1,0,0,0,0,0,0,0,0,0,0,0,0,Speler,0.0,0.0,0.0,0,0,0,0,0,0,0,0,0,0,0,0,0,,,,,,,,,,,,
K. WS Oudenburg,Andres 'T Kint,8,8,0,3,688,1,0,0,4,0,0,0,0,Speler,0.352,0.131,0.523,4,4,0,1,361,0,0,0,1,0,0,0,0,-0.635,-0.348,-0.348,2.222,-4.989,3.72,-0.29,-0.544,1.267,-3.028,1.94,-0.43
K. WS Oudenburg,Arnor Vanhee,2,2,0,1,155,0,0,0,0,0,0,0,0,Speler,0.581,0.0,0.0,0,0,0,0,0,0,0,0,0,0,0,0,0,-0.784,-0.426,-0.426,2.785,-6.243,4.675,-0.28,-0.191,1.54,-3.208,2.827,-0.12
K. WS Oudenburg,Axel Uzoma,5,0,4,0,72,0,0,0,1,0,0,0,0,Speler,0.5,0.0,1.25,3,0,2,0,48,0,0,0,1,0,0,0,0,-1.316,-1.112,-1.112,2.797,-6.798,4.166,-0.47,-0.002,1.555,-3.05,3.046,-0.0
K. WS Oudenburg,Ben Fremout,1,0,1,0,20,0,0,0,0,0,0,0,0,Speler,0.0,0.0,0.0,1,0,1,0,20,0,0,0,0,0,0,0,0,0.939,0.906,0.906,3.118,-5.173,7.05,0.3,0.272,1.691,-3.042,3.585,0.16
K. WS Oudenburg,Bodhi Boey,9,6,3,2,525,0,0,0,3,0,0,0,0,Speler,0.486,0.0,0.514,2,1,1,0,104,0,0,0,1,0,0,0,0,0.009,-0.029,-0.029,1.978,-3.867,3.886,0.0,0.039,1.163,-2.241,2.319,0.03
K. WS Oudenburg,Dante Vervoort,7,0,0,0,0,0,0,0,0,0,0,0,0,Keeper,0.0,0.0,0.0,0,0,0,0,0,0,0,0,0,0,0,0,0,,,,,,,,,,,,
K. WS Oudenburg,Dieter Wittesaele,10,9,1,5,763,3,1,0,0,0,0,0,0,Speler,0.392,0.354,0.0,5,5,0,2,418,2,0,0,0,0,0,0,0,0.731,0.575,0.575,2.237,-3.655,5.116,0.33,0.52,1.273,-1.976,3.015,0.41
K. WS Oudenburg,Dwight Grymonprez,11,11,0,1,914,2,0,1,1,0,0,0,1,Speler,0.4,0.197,0.098,4,4,0,0,360,2,0,1,0,0,0,0,1,1.81,1.193,1.193,2.172,-2.447,6.067,0.83,1.0,1.248,-1.447,3.447,0.8
K. WS Oudenburg,Gilles De Jonghe,1,0,0,0,0,0,0,0,0,0,0,0,0,Speler,0.0,0.0,0.0,1,0,0,0,0,0,0,0,0,0,0,0,0,,,,,,,,,,,,
K. WS Oudenburg,Iben Kerkaert,7,0,0,0,0,0,0,0,0,0,0,0,0,Keeper,0.0,0.0,0.0,5,0,0,0,0,0,0,0,0,0,0,0,0,,,,,,,,,,,,
K. WS Oudenburg,Jelle Declercq,14,3,9,2,395,0,0,0,0,0,0,0,0,Speler,0.353,0.0,0.0,5,0,3,0,31,0,0,0,0,0,0,0,0,-0.282,-0.035,-0.035,2.045,-4.29,3.727,-0.14,0.154,1.195,-2.189,2.497,0.13
K. WS Oudenburg,Maarten Belligh,3,3,0,0,270,0,0,0,0,0,0,0,0,Speler,0.5,0.0,0.0,3,3,0,0,270,0,0,0,0,0,0,0,0,0.226,0.042,0.042,2.808,-5.277,5.73,0.08,-0.046,1.538,-3.059,2.968,-0.03
K. WS Oudenburg,Matisse Coudeville,13,5,8,3,571,0,0,0,3,0,0,0,0,Speler,0.066,0.0,0.473,4,2,2,1,198,0,0,0,2,0,0,0,0,0.265,0.484,0.484,2.117,-3.884,4.415,0.13,-1.385,1.223,-3.782,1.013,-1.13
K. WS Oudenburg,Maxim Notredame,12,9,2,8,684,0,0,0,0,0,0,0,0,Speler,0.32,0.0,0.0,4,2,1,2,151,0,0,0,0,0,0,0,0,0.682,0.622,0.622,2.096,-3.426,4.791,0.33,0.597,1.212,-1.778,2.972,0.49
K. WS Oudenburg,Maxim Schwarz,1,0,0,0,0,0,0,0,0,0,0,0,0,Speler,0.0,0.0,0.0,1,0,0,0,0,0,0,0,0,0,0,0,0,,,,,,,,,,,,
K. WS Oudenburg,Milan Denolf,1,1,0,0,90,0,0,0,0,0,0,0,0,Speler,0.0,0.0,0.0,0,0,0,0,0,0,0,0,0,0,0,0,0,-0.606,-0.291,-0.291,2.899,-6.288,5.077,-0.21,-0.614,1.589,-3.729,2.501,-0.39
K. WS Oudenburg,Nick Deschacht,11,10,1,2,885,1,0,0,2,0,0,0,0,Speler,0.219,0.102,0.203,2,2,0,1,160,0,0,0,0,0,0,0,0,0.078,-0.035,-0.035,2.523,-4.867,5.023,0.03,0.604,1.406,-2.152,3.361,0.43
K. WS Oudenburg,Niels Vanbiervliet,9,7,2,0,658,1,0,0,1,0,0,0,0,Speler,0.214,0.137,0.137,5,5,0,0,450,1,0,0,0,0,0,0,0,-0.166,-0.059,-0.059,2.202,-4.481,4.149,-0.08,-0.516,1.259,-2.984,1.951,-0.41
K. WS Oudenburg,Omid Aslami,11,2,9,2,328,0,0,0,1,0,0,0,0,Speler,0.175,0.0,0.274,2,0,2,0,32,0,0,0,0,0,0,0,0,0.597,0.404,0.404,2.234,-3.782,4.975,0.27,0.209,1.286,-2.311,2.728,0.16
K. WS Oudenburg,Renzo Gevaert,12,11,0,6,888,0,0,0,2,0,0,0,0,Speler,0.24,0.0,0.203,3,2,0,1,135,0,0,0,1,0,0,0,0,-0.64,-0.524,-0.524,2.406,-5.356,4.076,-0.27,-0.756,1.357,-3.415,1.904,-0.56
K. WS Oudenburg,Sahin Akgundogdu,4,0,4,0,41,0,0,0,0,0,0,0,0,Speler,0.0,0.0,0.0,0,0,0,0,0,0,0,0,0,0,0,0,0,1.037,0.877,0.877,2.913,-4.672,6.745,0.36,0.489,1.608,-2.663,3.641,0.3
K. WS Oudenburg,Sybren Taillieu,13,13,0,1,1168,1,0,0,2,0,0,0,13,Speler,0.229,0.077,0.154,4,4,0,0,360,0,0,0,1,0,0,0,4,-2.447,-1.81,-1.81,2.694,-7.728,2.834,-0.91,-0.918,1.488,-3.834,1.999,-0.62
K. WS Oudenburg,Thibo Decloedt,14,14,0,0,1260,0,0,0,0,0,0,2,0,Keeper,0.286,0.0,0.0,5,5,0,0,450,0,0,0,0,0,0,0,0,-0.044,0.018,0.018,3.077,-6.075,5.987,-0.01,-0.061,1.645,-3.285,3.162,-0.04
K. WS Oudenburg,Ward Vandendriessche,14,14,0,0,1260,1,0,0,1,0,0,0,0,Speler,0.286,0.071,0.071,5,5,0,0,450,1,0,0,0,0,0,0,0,-0.044,0.018,0.018,3.077,-6.075,5.987,-0.01,-0.061,1.645,-3.285,3.162,-0.04
K. WS Oudenburg,Wolfgang Constandt,4,3,1,0,300,3,0,0,2,0,0,0,0,Speler,0.75,0.9,0.6,2,2,0,0,180,2,0,0,2,0,0,0,0,-0.597,-0.614,-0.614,2.569,-5.632,4.439,-0.23,0.81,1.435,-2.003,3.622,0.56
K. WS Oudenburg,Xavier Stanghé,11,9,2,5,773,0,0,0,4,0,0,0,0,Speler,0.296,0.0,0.466,4,4,0,2,341,0,0,0,2,0,0,0,0,0.077,-0.148,-0.148,2.202,-4.24,4.394,0.04,-0.662,1.263,-3.138,1.814,-0.52
K. WS Oudenburg,Yannick Laleman,14,14,0,6,1152,8,0,0,1,0,0,0,0,Speler,0.28,0.625,0.078,5,5,0,2,431,2,0,0,0,0,0,0,0,0.623,0.487,0.487,2.425,-4.131,5.376,0.26,0.39,1.376,-2.307,3.088,0.28
K.R.C. Waregem A,Arnaut Devenyns,13,12,1,0,1107,0,0,0,3,0,0,0,0,Speler,0.581,0.0,0.244,4,4,0,0,360,0,0,0,2,0,0,0,0,0.125,0.169,0.169,2.443,-4.662,4.913,0.05,-0.152,1.376,-2.848,2.544,-0.11
K.R.C. Waregem A,Bjarne D'Huyvetter,3,0,3,0,59,0,0,0,0,0,0,0,0,Speler,0.5,0.0,0.0,3,0,3,0,59,0,0,0,0,0,0,0,0,0.057,0.16,0.16,2.831,-5.492,5.607,0.02,-1.051,1.57,-4.128,2.026,-0.67
K.R.C. Waregem A,Denzel Van Fleteren,13,11,2,2,985,1,0,0,0,0,0,0,11,Speler,0.535,0.091,0.0,5,5,0,0,450,1,0,0,0,0,0,0,5,-0.546,-0.384,-0.384,2.344,-5.141,4.049,-0.23,-0.031,1.333,-2.643,2.581,-0.02
K.R.C. Waregem A,Emiel Delmulle,14,12,2,10,898,4,0,0,2,0,0,0,0,Speler,0.692,0.401,0.2,5,5,0,3,400,2,0,0,1,0,0,0,0,0.784,0.509,0.509,1.899,-2.938,4.506,0.41,0.896,1.128,-1.315,3.106,0.79
K.R.C. Waregem A,Gilles Van Maeldergem,9,4,5,1,459,1,0,0,0,0,0,0,0,Speler,0.361,0.196,0.0,0,0,0,0,0,0,0,0,0,0,0,0,0,0.274,0.114,0.114,2.186,-4.011,4.56,0.13,0.388,1.252,-2.066,2.842,0.31
K.R.C. Waregem A,Jarne Vanderpoorten,13,12,1,2,1049,0,0,0,3,1,0,0,0,Speler,0.632,0.0,0.257,5,5,0,0,450,0,0,0,1,0,0,0,0,0.31,0.095,0.095,2.346,-4.288,4.908,0.13,-0.521,1.324,-3.116,2.075,-0.39
K.R.C. Waregem A,Jörg Roger Dutoit,7,6,1,3,453,1,2,0,0,0,0,0,3,Speler,0.824,0.199,0.0,1,0,1,0,16,0,0,0,0,0,0,0,0,-0.2,-0.073,-0.073,2.167,-4.448,4.048,-0.09,0.367,1.246,-2.076,2.81,0.29
K.R.C. Waregem A,Kasper Claeys,14,12,2,8,1072,4,1,0,1,0,0,0,0,Speler,0.624,0.336,0.084,5,5,0,4,395,1,1,0,0,0,0,0,0,0.27,0.197,0.197,2.241,-4.123,4.663,0.12,0.7,1.29,-1.829,3.229,0.54
K.R.C. Waregem A,Kengi Callens,13,6,7,2,618,0,0,0,0,0,1,0,0,Speler,0.799,0.0,0.0,4,2,2,0,234,0,0,0,0,0,1,0,0,-0.535,-0.387,-0.387,1.916,-4.291,3.22,-0.28,0.048,1.126,-2.158,2.255,0.04
K.R.C. Waregem A,Kyran Vantieghem,8,0,0,0,0,0,0,0,0,0,0,0,0,Keeper,0.0,0.0,0.0,4,0,0,0,0,0,0,0,0,0,0,0,0,,,,,,,,,,,,
K.R.C. Waregem A,Lowie Van Renterghem,4,0,0,0,0,0,0,0,0,0,0,0,0,Keeper,0.0,0.0,0.0,1,0,0,0,0,0,0,0,0,0,0,0,0,,,,,,,,,,,,
K.R.C. Waregem A,Matteo Dujardin,14,13,1,7,1100,1,0,0,1,0,0,0,0,Speler,0.605,0.082,0.082,5,5,0,2,414,0,0,0,1,0,0,0,0,-0.384,-0.194,-0.194,2.202,-4.7,3.932,-0.17,-0.413,1.281,-2.924,2.098,-0.32
K.R.C. Waregem A,Mauro D'Huyvetter,1,0,1,0,2,0,0,0,0,0,0,0,0,Speler,0.0,0.0,0.0,1,0,1,0,2,0,0,0,0,0,0,0,0,-0.085,-0.089,-0.089,3.256,-6.467,6.297,-0.03,-1.345,1.748,-4.771,2.08,-0.77
K.R.C. Waregem A,Noah Debosschere,7,0,7,0,67,0,0,0,0,0,0,0,0,Speler,0.5,0.0,0.0,5,0,5,0,61,0,0,0,0,0,0,0,0,-0.452,-0.29,-0.29,2.743,-5.828,4.923,-0.16,-0.85,1.534,-3.857,2.156,-0.55
K.R.C. Waregem A,Obi Lein,14,10,4,6,898,3,0,0,3,0,0,0,0,Speler,0.589,0.301,0.301,5,5,0,4,377,2,0,0,2,0,0,0,0,-0.007,-0.183,-0.183,2.081,-4.085,4.071,-0.0,0.454,1.214,-1.924,2.833,0.37
K.R.C. Waregem A,Robbe Debue,14,10,4,8,845,2,0,0,2,0,0,0,0,Speler,0.609,0.213,0.213,5,5,0,3,413,2,0,0,2,0,0,0,0,0.296,0.22,0.22,2.128,-3.875,4.468,0.14,0.472,1.222,-1.922,2.866,0.39
K.R.C. Waregem A,Robbe Driessens,13,13,0,0,1170,1,0,0,2,0,0,0,0,Speler,0.615,0.077,0.154,4,4,0,0,360,0,0,0,0,0,0,0,0,0.691,0.487,0.487,2.699,-4.6,5.981,0.26,-0.257,1.48,-3.158,2.643,-0.17
K.R.C. Waregem A,Siebe Depraetere,14,14,0,0,1260,2,0,0,1,0,0,0,0,Speler,0.643,0.143,0.071,5,5,0,0,450,1,0,0,1,0,0,0,0,0.176,0.105,0.105,3.103,-5.905,6.257,0.06,-0.084,1.658,-3.334,3.166,-0.05
K.R.C. Waregem A,Siebe Tyvaert,9,4,5,2,371,0,0,0,1,0,0,0,0,Speler,0.702,0.0,0.243,2,0,2,0,16,0,0,0,0,0,0,0,0,0.152,0.138,0.138,2.297,-4.351,4.654,0.07,0.214,1.307,-2.348,2.777,0.16
K.R.C. Waregem A,Soren Dutoit,14,14,0,0,1260,0,0,0,0,0,0,5,0,Keeper,0.643,0.0,0.0,5,5,0,0,450,0,0,0,0,0,0,3,0,0.176,0.105,0.105,3.103,-5.905,6.257,0.06,-0.084,1.658,-3.334,3.166,-0.05
K.R.C. Waregem A,Thibeau Waeye,6,1,5,0,183,0,0,0,0,0,0,0,0,Speler,0.282,0.0,0.0,2,0,2,0,43,0,0,0,0,0,0,0,0,0.749,0.383,0.383,2.427,-4.008,5.507,0.31,0.228,1.383,-2.483,2.939,0.17
K.R.C. Waregem A,Wout Rondelé,1,0,0,0,0,0,0,0,0,0,0,0,0,Keeper,0.0,0.0,0.0,0,0,0,0,0,0,0,0,0,0,0,0,0,,,,,,,,,,,,
K.S.C. Wielsbeke,Alessio Van Den Broucke,14,13,0,3,1109,5,3,0,1,0,0,0,0,Speler,0.675,0.406,0.081,5,5,0,1,437,2,1,0,1,0,0,0,0,-0.024,-0.093,-0.093,2.321,-4.573,4.524,-0.01,0.092,1.327,-2.51,2.693,0.07
K.S.C. Wielsbeke,Arnaud De Brabant,7,2,3,2,108,0,0,0,0,0,0,0,0,Speler,0.0,0.0,0.0,1,1,0,1,13,0,0,0,0,0,0,0,0,-0.625,-0.465,-0.465,2.674,-5.866,4.616,-0.23,-0.426,1.501,-3.369,2.517,-0.28
K.S.C. Wielsbeke,Arne Beeuwsaert,13,13,0,1,1150,3,0,0,0,0,1,0,13,Speler,0.659,0.235,0.0,4,4,0,0,360,1,0,0,0,0,0,0,4,0.081,-0.075,-0.075,2.589,-4.994,5.155,0.03,-0.544,1.443,-3.373,2.284,-0.38
K.S.C. Wielsbeke,Brent Speeckaert,5,0,0,0,0,0,0,0,0,0,0,0,0,Keeper,0.0,0.0,0.0,1,0,0,0,0,0,0,0,0,0,0,0,0,,,,,,,,,,,,
K.S.C. Wielsbeke,Charles Noppe,14,5,9,1,659,4,0,0,2,0,0,0,0,Speler,0.592,0.546,0.273,5,4,1,1,384,2,0,0,2,0,0,0,0,-0.196,-0.177,-0.177,2.111,-4.334,3.942,-0.09,0.242,1.208,-2.125,2.61,0.2
K.S.C. Wielsbeke,Dries Wysselinck,13,13,0,1,1163,0,0,0,1,0,0,0,1,Speler,0.69,0.0,0.077,5,5,0,0,450,0,0,0,0,0,0,0,1,-0.268,-0.231,-0.231,2.705,-5.569,5.034,-0.1,0.457,1.493,-2.469,3.382,0.31
K.S.C. Wielsbeke,Emiel Pannecoucke,8,3,5,2,292,0,0,0,1,0,0,0,0,Speler,0.359,0.0,0.308,2,1,1,1,76,0,0,0,0,0,0,0,0,-0.193,0.147,0.147,2.247,-4.596,4.21,-0.09,-0.417,1.294,-2.953,2.119,-0.32
K.S.C. Wielsbeke,Ian Maes,12,11,1,7,922,2,0,0,4,0,0,0,0,Speler,0.583,0.195,0.39,4,3,1,3,272,0,0,0,3,0,0,0,0,0.321,0.445,0.445,2.135,-3.863,4.505,0.15,0.428,1.235,-1.993,2.849,0.35
K.S.C. Wielsbeke,Ilyes Sliti,5,0,4,0,37,0,0,0,0,0,0,0,0,Speler,0.0,0.0,0.0,3,0,2,0,14,0,0,0,0,0,0,0,0,0.325,0.324,0.324,2.87,-5.301,5.951,0.11,-0.202,1.595,-3.329,2.925,-0.13
K.S.C. Wielsbeke,Jonathan Verstraete,12,12,0,1,1079,0,0,0,5,1,0,0,0,Speler,0.708,0.0,0.417,4,4,0,1,359,0,0,0,2,1,0,0,0,0.584,0.231,0.231,2.421,-4.161,5.33,0.24,0.284,1.366,-2.394,2.962,0.21
K.S.C. Wielsbeke,Jules De Clerck,6,0,6,0,89,1,0,0,0,0,0,0,0,Speler,0.0,1.011,0.0,4,0,4,0,59,0,0,0,0,0,0,0,0,-0.71,-0.529,-0.529,2.516,-5.642,4.222,-0.28,-1.621,1.441,-4.445,1.203,-1.12
K.S.C. Wielsbeke,Jules Vermeersch,4,1,2,0,168,0,0,0,1,0,0,0,0,Speler,0.5,0.0,0.536,4,1,2,0,168,0,0,0,1,0,0,0,0,-0.282,-0.119,-0.119,2.584,-5.348,4.783,-0.11,0.179,1.457,-2.676,3.034,0.12
K.S.C. Wielsbeke,Kassmi Mohamed Ali,13,13,0,1,1155,0,0,0,3,0,0,0,0,Speler,0.649,0.0,0.234,4,4,0,0,360,0,0,0,1,0,0,0,0,1.213,0.772,0.772,2.608,-3.898,6.325,0.47,0.754,1.453,-2.094,3.601,0.52
K.S.C. Wielsbeke,Lars Vandenbroucke,11,8,3,1,796,2,0,0,1,0,0,0,0,Speler,0.488,0.226,0.113,5,5,0,1,438,1,0,0,0,0,0,0,0,0.805,0.302,0.302,2.133,-3.376,4.986,0.38,-0.541,1.227,-2.946,1.864,-0.44
K.S.C. Wielsbeke,Mano Decuypere,6,0,6,0,139,0,0,0,0,0,0,0,0,Speler,0.616,0.0,0.0,1,0,1,0,31,0,0,0,0,0,0,0,0,0.302,0.139,0.139,2.483,-4.565,5.169,0.12,0.268,1.412,-2.499,3.035,0.19
K.S.C. Wielsbeke,Nicolas Gheeraert,14,12,1,4,983,0,0,0,2,0,0,0,0,Speler,0.621,0.0,0.183,5,4,0,0,360,0,0,0,2,0,0,0,0,-1.041,-0.486,-0.486,2.197,-5.347,3.266,-0.47,-0.559,1.253,-3.016,1.898,-0.45
K.S.C. Wielsbeke,Senne Van Thuyne,1,0,0,0,0,0,0,0,0,0,0,0,0,Speler,0.0,0.0,0.0,1,0,0,0,0,0,0,0,0,0,0,0,0,,,,,,,,,,,,
K.S.C. Wielsbeke,Seppe Jeroen Lecour,14,13,0,7,1097,14,5,0,2,0,0,0,0,Speler,0.649,1.149,0.164,5,4,0,2,328,4,1,0,1,0,0,0,0,0.427,0.075,0.075,2.294,-4.068,4.923,0.19,0.457,1.316,-2.123,3.036,0.35
K.S.C. Wielsbeke,Siebe Derycke,14,11,0,0,990,0,0,0,1,0,0,1,0,Keeper,0.591,0.0,0.091,5,2,0,0,180,0,0,0,0,0,0,0,0,-1.293,-1.008,-1.008,2.657,-6.501,3.914,-0.49,-0.952,1.451,-3.796,1.891,-0.66
K.S.C. Wielsbeke,Simon Vandenabeele,14,9,4,9,637,2,0,0,0,0,0,0,0,Speler,0.683,0.283,0.0,5,2,2,2,155,0,0,0,0,0,0,0,0,-0.631,-0.503,-0.503,2.053,-4.655,3.393,-0.31,-0.729,1.199,-3.078,1.621,-0.61
K.S.C. Wielsbeke,Thomas Coopman,12,12,0,5,998,3,0,0,2,0,0,0,0,Speler,0.689,0.271,0.18,3,3,0,2,224,1,0,0,1,0,0,0,0,1.966,1.5,1.5,2.421,-2.778,6.711,0.81,1.265,1.365,-1.409,3.94,0.93
K.S.C. Wielsbeke,Vic Callens,9,3,0,0,270,0,0,0,1,0,0,1,0,Keeper,0.833,0.0,0.333,4,3,0,0,270,0,0,0,1,0,0,1,0,1.411,1.061,1.061,2.764,-4.006,6.827,0.51,0.925,1.506,-2.028,3.877,0.61
KFC Aalbeke Sport A,Achraf Ettaj Taj,3,0,1,0,12,0,0,0,0,0,0,0,0,Speler,0.0,0.0,0.0,0,0,0,0,0,0,0,0,0,0,0,0,0,0.157,0.277,0.277,3.154,-6.026,6.339,0.05,0.701,1.707,-2.645,4.046,0.41
KFC Aalbeke Sport A,Amine Ahdach,10,7,3,5,580,2,0,0,0,0,0,0,0,Speler,0.331,0.31,0.0,4,2,2,2,183,1,0,0,0,0,0,0,0,-1.678,-1.077,-1.077,1.873,-5.35,1.993,-0.9,-0.406,1.107,-2.576,1.764,-0.37
KFC Aalbeke Sport A,Ariel Kemeth Yobo,14,11,3,6,972,2,0,0,1,0,0,0,0,Speler,0.556,0.185,0.093,5,4,1,2,367,1,0,0,0,0,0,0,0,0.452,0.116,0.116,2.099,-3.662,4.566,0.22,-0.39,1.22,-2.781,2.0,-0.32
KFC Aalbeke Sport A,Aymeric Cottenceau,14,13,1,12,935,7,0,0,1,0,0,0,1,Speler,0.618,0.674,0.096,5,5,0,4,340,4,0,0,0,0,0,0,0,0.212,0.145,0.145,2.177,-4.055,4.479,0.1,-0.19,1.25,-2.64,2.26,-0.15
KFC Aalbeke Sport A,Bastien Servaege,2,0,0,0,0,0,0,0,0,0,0,0,0,Keeper,0.0,0.0,0.0,1,0,0,0,0,0,0,0,0,0,0,0,0,,,,,,,,,,,,
KFC Aalbeke Sport A,Corentin Fabrice Cottenceau,14,14,0,4,1172,5,0,0,1,0,0,0,0,Speler,0.555,0.384,0.077,5,5,0,2,400,3,0,0,0,0,0,0,0,0.604,0.482,0.482,2.548,-4.389,5.597,0.24,0.849,1.426,-1.946,3.644,0.6
KFC Aalbeke Sport A,Edgar Dehaene,6,3,3,3,264,1,0,0,1,0,0,0,0,Speler,0.695,0.341,0.341,5,3,2,3,249,1,0,0,1,0,0,0,0,0.185,0.043,0.043,2.328,-4.377,4.747,0.08,0.693,1.339,-1.932,3.317,0.52
KFC Aalbeke Sport A,Jan De Winter,12,7,5,2,734,0,0,0,3,0,0,0,0,Speler,0.402,0.0,0.368,4,2,2,1,223,0,0,0,0,0,0,0,0,0.285,0.104,0.104,2.057,-3.748,4.317,0.14,0.181,1.194,-2.158,2.521,0.15
KFC Aalbeke Sport A,Jasper Vanneste,11,2,6,2,262,1,0,0,0,0,0,0,0,Speler,0.373,0.344,0.0,4,0,2,0,42,0,0,0,0,0,0,0,0,0.835,0.418,0.418,2.198,-3.472,5.143,0.38,1.151,1.272,-1.342,3.644,0.91
KFC Aalbeke Sport A,Jeroen Vlieghe,10,9,1,2,827,1,0,0,4,0,0,0,0,Speler,0.422,0.109,0.435,3,3,0,1,248,1,0,0,1,0,0,0,0,-0.504,-0.336,-0.336,2.195,-4.805,3.797,-0.23,-0.663,1.255,-3.123,1.796,-0.53
KFC Aalbeke Sport A,Karel Van De Walle,14,7,2,2,586,0,0,0,2,0,0,0,0,Speler,0.325,0.0,0.307,5,2,1,1,168,0,0,0,0,0,0,0,0,-0.716,-0.501,-0.501,2.155,-4.94,3.508,-0.33,-0.356,1.228,-2.764,2.051,-0.29
KFC Aalbeke Sport A,Lander Wyseur,11,8,1,0,764,1,0,1,1,0,0,0,0,Speler,0.441,0.118,0.118,2,2,0,0,180,1,0,0,0,0,0,0,0,0.277,0.052,0.052,2.278,-4.188,4.743,0.12,0.565,1.28,-1.945,3.075,0.44
KFC Aalbeke Sport A,Marvin Pierre Turcan,8,5,3,3,425,2,0,0,2,0,0,0,0,Speler,0.537,0.424,0.424,4,1,3,1,120,2,0,0,0,0,0,0,0,2.207,1.375,1.375,2.14,-1.988,6.402,1.03,0.764,1.238,-1.663,3.191,0.62
KFC Aalbeke Sport A,Mathias Deveugele,8,4,3,4,281,1,0,0,0,0,0,0,0,Speler,0.556,0.32,0.0,0,0,0,0,0,0,0,0,0,0,0,0,0,-0.108,0.065,0.065,2.34,-4.694,4.479,-0.05,0.303,1.339,-2.322,2.927,0.23
KFC Aalbeke Sport A,Matéo Gregory Martin,12,10,2,2,944,0,0,1,1,0,0,0,0,Speler,0.394,0.0,0.095,3,1,2,1,146,0,0,1,0,0,0,0,0,0.449,0.146,0.146,2.4,-4.255,5.152,0.19,0.244,1.347,-2.395,2.883,0.18
KFC Aalbeke Sport A,Michael François Slowik,12,12,0,1,1048,3,0,0,1,1,0,0,0,Speler,0.6,0.258,0.086,5,5,0,0,450,2,0,0,0,0,0,0,0,-0.911,-0.655,-0.655,2.302,-5.424,3.601,-0.4,-0.327,1.308,-2.891,2.237,-0.25
KFC Aalbeke Sport A,Nathan Bunga Mbuta,9,2,7,1,337,1,0,0,0,0,0,0,0,Speler,0.421,0.267,0.0,0,0,0,0,0,0,0,0,0,0,0,0,0,-0.222,0.099,0.099,2.208,-4.549,4.105,-0.1,0.26,1.267,-2.223,2.743,0.21
KFC Aalbeke Sport A,Pieter De Winter,13,13,0,1,1158,2,1,1,3,0,0,0,13,Speler,0.544,0.155,0.233,5,5,0,0,450,2,0,0,0,0,0,0,5,0.276,0.27,0.27,2.667,-4.952,5.503,0.1,-0.352,1.473,-3.24,2.536,-0.24
KFC Aalbeke Sport A,Romain Nicolas Petyt,2,1,1,1,58,0,0,1,1,0,0,0,0,Speler,0.5,0.0,1.552,0,0,0,0,0,0,0,0,0,0,0,0,0,1.669,1.103,1.103,2.842,-3.901,7.24,0.59,0.882,1.58,-2.214,3.978,0.56
KFC Aalbeke Sport A,Sabri Bensalim,8,6,2,1,574,0,0,0,0,0,0,0,0,Speler,0.49,0.0,0.0,5,5,0,1,418,0,0,0,0,0,0,0,0,-0.505,-0.495,-0.495,2.247,-4.909,3.898,-0.22,-0.99,1.275,-3.49,1.51,-0.78
KFC Aalbeke Sport A,Taybi Bensalem,7,5,1,1,436,0,0,0,2,0,0,0,0,Speler,0.947,0.0,0.413,5,5,0,1,406,0,0,0,2,0,0,0,0,1.513,1.08,1.08,2.47,-3.329,6.355,0.61,0.721,1.381,-1.986,3.427,0.52
KFC Aalbeke Sport A,Thibaut Millecamps,10,1,9,1,229,1,0,0,0,0,0,0,0,Speler,0.537,0.393,0.0,5,0,5,0,110,0,0,0,0,0,0,0,0,0.067,0.096,0.096,2.247,-4.337,4.472,0.03,0.477,1.302,-2.074,3.028,0.37
KFC Aalbeke Sport A,Thijs Debuyck,14,14,0,0,1260,0,1,1,2,0,0,1,0,Keeper,0.5,0.0,0.143,5,5,0,0,450,0,1,0,0,0,0,1,0,0.562,0.384,0.384,3.068,-5.452,6.575,0.18,0.467,1.64,-2.748,3.682,0.28
S.V. Wevelgem City A,Adan Lakhnigue,14,14,0,3,1192,1,0,0,1,0,0,0,0,Speler,0.397,0.076,0.076,5,5,0,0,450,0,0,0,1,0,0,0,0,0.225,0.235,0.235,2.639,-4.947,5.396,0.09,-0.104,1.47,-2.986,2.777,-0.07
S.V. Wevelgem City A,Ahmad Hussein,13,4,6,3,332,0,0,0,0,0,0,0,0,Speler,0.449,0.0,0.0,4,1,2,1,65,0,0,0,0,0,0,0,0,-0.031,-0.332,-0.332,2.3,-4.54,4.477,-0.01,0.016,1.309,-2.55,2.583,0.01
S.V. Wevelgem City A,Anton Masselis,1,0,0,0,0,0,0,0,0,0,0,0,0,Keeper,0.0,0.0,0.0,1,0,0,0,0,0,0,0,0,0,0,0,0,,,,,,,,,,,,
S.V. Wevelgem City A,Ayrton Blieck,2,2,0,2,102,0,0,0,0,0,0,0,0,Speler,0.0,0.0,0.0,0,0,0,0,0,0,0,0,0,0,0,0,0,-1.796,-1.281,-1.281,2.682,-7.053,3.461,-0.67,-0.728,1.502,-3.672,2.216,-0.48
S.V. Wevelgem City A,Clément Castelain,2,0,1,0,0,0,0,0,0,0,0,0,0,Speler,0.0,0.0,0.0,0,0,0,0,0,0,0,0,0,0,0,0,0,0.049,0.065,0.065,3.291,-6.402,6.5,0.01,-0.006,1.76,-3.456,3.443,-0.0
S.V. Wevelgem City A,Emiel Bridelance,8,7,0,1,610,0,0,0,0,0,0,0,0,Speler,0.59,0.0,0.0,4,3,0,0,270,0,0,0,0,0,0,0,0,1.377,1.168,1.168,2.397,-3.321,6.074,0.57,-0.038,1.34,-2.665,2.588,-0.03
S.V. Wevelgem City A,Emiel Deny,6,2,4,2,237,0,0,0,1,0,0,0,0,Speler,0.584,0.0,0.38,3,1,2,1,69,0,0,0,0,0,0,0,0,1.324,0.832,0.832,2.463,-3.504,6.152,0.54,0.486,1.397,-2.253,3.225,0.35
S.V. Wevelgem City A,Evert Masselis,6,4,2,2,349,1,0,0,0,0,0,0,4,Speler,0.316,0.258,0.0,2,1,1,0,134,0,0,0,0,0,0,0,1,0.28,0.385,0.385,2.331,-4.29,4.849,0.12,-0.077,1.322,-2.667,2.514,-0.06
S.V. Wevelgem City A,Jens Couckuyt,8,5,2,1,456,0,0,0,0,0,0,0,0,Speler,0.597,0.0,0.0,3,1,1,0,94,0,0,0,0,0,0,0,0,-0.649,-0.464,-0.464,2.428,-5.409,4.11,-0.27,0.032,1.363,-2.64,2.703,0.02
S.V. Wevelgem City A,Jens Decoster,14,14,0,0,1260,0,0,0,0,0,0,0,0,Speler,0.393,0.0,0.0,5,5,0,0,450,0,0,0,0,0,0,0,0,-0.104,-0.134,-0.134,3.061,-6.104,5.895,-0.03,-0.073,1.639,-3.284,3.139,-0.04
S.V. Wevelgem City A,Jordy Beirlaen,8,8,0,1,710,6,0,0,1,0,0,0,0,Speler,0.366,0.761,0.127,5,5,0,0,450,3,0,0,0,0,0,0,0,-1.009,-0.918,-0.918,2.268,-5.454,3.436,-0.44,-0.437,1.286,-2.957,2.083,-0.34
S.V. Wevelgem City A,Jorgen Rogiers,14,14,0,0,1199,0,0,0,1,0,1,4,10,Keeper,0.362,0.0,0.075,5,5,0,0,389,0,0,0,1,0,1,0,4,0.626,0.306,0.306,2.781,-4.825,6.078,0.23,-0.365,1.519,-3.341,2.612,-0.24
S.V. Wevelgem City A,Louis Taelman,8,7,1,3,603,1,0,0,3,1,0,0,0,Speler,0.405,0.149,0.448,4,3,1,1,290,0,0,0,1,1,0,0,0,0.294,0.037,0.037,2.331,-4.274,4.862,0.13,0.064,1.32,-2.523,2.652,0.05
S.V. Wevelgem City A,Luka Bekaert,1,0,1,0,54,0,0,0,1,0,0,0,0,Speler,0.5,0.0,1.667,0,0,0,0,0,0,0,0,0,0,0,0,0,-0.027,-0.034,-0.034,2.86,-5.632,5.579,-0.01,0.099,1.585,-3.008,3.206,0.06
S.V. Wevelgem City A,Mathis Beauprez,5,5,0,1,450,0,0,0,2,0,0,0,0,Speler,0.3,0.0,0.4,1,1,0,0,90,0,0,0,0,0,0,0,0,-1.249,-0.628,-0.628,2.637,-6.417,3.92,-0.47,-0.215,1.45,-3.056,2.626,-0.15
S.V. Wevelgem City A,Medjon Hoxha,13,13,0,8,1097,9,0,0,3,0,0,0,0,Speler,0.455,0.738,0.246,4,4,0,2,354,1,0,0,0,0,0,0,0,1.388,0.663,0.663,2.342,-3.202,5.979,0.59,1.243,1.33,-1.364,3.849,0.93
S.V. Wevelgem City A,Niall Preyers,6,0,2,0,12,0,0,0,0,0,0,0,0,Speler,0.0,0.0,0.0,3,0,0,0,0,0,0,0,0,0,0,0,0,-0.688,-0.606,-0.606,3.116,-6.795,5.42,-0.22,-0.019,1.695,-3.342,3.304,-0.01
S.V. Wevelgem City A,Nicolas David Gamarra Gamarra,4,3,1,0,298,0,0,0,1,0,0,0,0,Speler,0.604,0.0,0.302,0,0,0,0,0,0,0,0,0,0,0,0,0,-0.039,-0.349,-0.349,2.516,-4.97,4.893,-0.02,-0.123,1.405,-2.876,2.631,-0.09
S.V. Wevelgem City A,Noah Halleumieux,12,7,5,6,558,0,0,0,0,0,0,0,0,Speler,0.209,0.0,0.0,4,3,1,2,224,0,0,0,0,0,0,0,0,-0.12,0.118,0.118,1.973,-3.987,3.747,-0.06,-0.709,1.152,-2.968,1.55,-0.62
S.V. Wevelgem City A,Rabah Mazbouh,12,11,0,1,974,1,0,0,3,0,0,0,0,Speler,0.307,0.092,0.277,4,4,0,0,360,0,0,0,1,0,0,0,0,-2.027,-1.406,-1.406,2.493,-6.914,2.86,-0.81,-0.279,1.389,-3.001,2.444,-0.2
S.V. Wevelgem City A,Raul Eduardo Deleu,5,0,3,0,49,0,0,0,0,0,0,0,0,Speler,0.5,0.0,0.0,1,0,0,0,0,0,0,0,0,0,0,0,0,-0.206,-0.083,-0.083,2.817,-5.726,5.315,-0.07,-0.157,1.569,-3.234,2.919,-0.1
S.V. Wevelgem City A,Robbe Dekiere,1,0,1,0,11,0,0,0,0,0,0,0,0,Speler,0.0,0.0,0.0,1,0,1,0,11,0,0,0,0,0,0,0,0,-1.022,-0.962,-0.962,3.147,-7.191,5.147,-0.32,-1.098,1.706,-4.441,2.245,-0.64
S.V. Wevelgem City A,Rube Seynaeve,2,0,1,0,5,0,0,0,0,0,0,0,0,Speler,0.0,0.0,0.0,0,0,0,0,0,0,0,0,0,0,0,0,0,-0.782,-0.691,-0.691,3.216,-7.085,5.52,-0.24,0.046,1.732,-3.349,3.442,0.03
S.V. Wevelgem City A,Rune Vandamme,1,0,0,0,0,0,0,0,0,0,0,0,0,Speler,0.0,0.0,0.0,0,0,0,0,0,0,0,0,0,0,0,0,0,,,,,,,,,,,,
S.V. Wevelgem City A,Rémi Romuald Decavel,11,0,1,0,59,0,0,0,0,0,0,0,0,Keeper,0.5,0.0,0.0,4,0,1,0,59,0,0,0,0,0,0,0,0,-0.661,-0.358,-0.358,2.909,-6.363,5.041,-0.23,0.283,1.597,-2.847,3.414,0.18
S.V. Wevelgem City A,Said Hafidh Khatib,5,0,5,0,125,4,0,0,0,0,0,0,0,Speler,0.709,2.88,0.0,1,0,1,0,27,0,0,0,0,0,0,0,0,1.957,1.203,1.203,2.415,-2.776,6.69,0.81,0.848,1.391,-1.878,3.574,0.61
S.V. Wevelgem City A,Stef Boone,1,0,1,0,5,0,0,0,0,0,0,0,0,Speler,0.0,0.0,0.0,0,0,0,0,0,0,0,0,0,0,0,0,0,0.12,0.203,0.203,3.209,-6.17,6.409,0.04,0.152,1.73,-3.24,3.544,0.09
S.V. Wevelgem City A,Tibo Margo,13,11,2,6,1018,5,0,0,2,0,0,0,0,Speler,0.39,0.442,0.177,5,5,0,3,424,2,0,0,0,0,0,0,0,0.576,0.408,0.408,2.223,-3.781,4.933,0.26,-0.47,1.281,-2.981,2.041,-0.37
S.V. Wevelgem City A,Tjardo Vanderghinste,13,13,0,0,1170,3,0,0,3,0,0,0,0,Speler,0.423,0.231,0.231,4,4,0,0,360,2,0,0,1,0,0,0,0,0.645,0.505,0.505,2.818,-4.878,6.167,0.23,0.54,1.528,-2.454,3.534,0.35
S.V. Wevelgem City A,Victor Cuvelier,3,2,1,0,185,0,0,0,0,0,0,0,0,Speler,0.5,0.0,0.0,1,0,1,0,5,0,0,0,0,0,0,0,0,-0.098,0.148,0.148,2.555,-5.106,4.91,-0.04,-0.182,1.433,-2.991,2.627,-0.13
S.V. Wevelgem City A,Xander Vandenbroucke,2,0,1,0,0,0,0,0,0,0,0,0,0,Speler,0.0,0.0,0.0,1,0,0,0,0,0,0,0,0,0,0,0,0,0.049,0.065,0.065,3.291,-6.402,6.5,0.01,-0.006,1.76,-3.456,3.443,-0.0
S.V. Wevelgem City A,Yassin Amounan Battasse,10,8,2,3,673,2,0,0,1,0,0,0,0,Speler,0.308,0.267,0.134,5,4,1,3,308,1,0,0,0,0,0,0,0,1.185,0.948,0.948,2.241,-3.207,5.576,0.53,0.25,1.287,-2.272,2.772,0.19
Zwevegem Sport,Arthur Bracke,14,12,2,9,932,5,0,0,0,0,0,0,0,Speler,0.657,0.483,0.0,5,5,0,2,408,2,0,0,0,0,0,0,0,0.554,0.381,0.381,2.095,-3.552,4.659,0.26,0.077,1.216,-2.306,2.461,0.06
Zwevegem Sport,Dieter Meulenyzer,8,0,6,0,140,1,0,0,0,0,0,0,0,Speler,0.595,0.643,0.0,4,0,2,0,33,0,0,0,0,0,0,0,0,-0.652,-0.337,-0.337,2.41,-5.375,4.072,-0.27,-0.173,1.383,-2.883,2.537,-0.12
Zwevegem Sport,Edouard Lootens,11,3,4,2,301,0,0,0,1,0,0,0,0,Speler,0.642,0.0,0.299,2,0,1,0,11,0,0,0,0,0,0,0,0,-0.437,-0.184,-0.184,2.179,-4.707,3.832,-0.2,-0.317,1.26,-2.787,2.153,-0.25
Zwevegem Sport,Gilles Garrevoet,14,14,0,4,1158,10,0,0,1,0,0,0,0,Speler,0.731,0.777,0.078,5,5,0,1,435,2,0,0,0,0,0,0,0,-0.272,-0.248,-0.248,2.5,-5.171,4.628,-0.11,-0.02,1.413,-2.79,2.75,-0.01
Zwevegem Sport,Henri Verlinde,8,0,1,0,29,0,0,0,0,0,0,0,0,Keeper,0.0,0.0,0.0,2,0,0,0,0,0,0,0,0,0,0,0,0,-0.302,-0.224,-0.224,3.042,-6.265,5.66,-0.1,-0.272,1.66,-3.525,2.981,-0.16
Zwevegem Sport,Jimmy Leyder,13,13,0,5,1081,0,0,0,4,0,0,0,0,Speler,0.768,0.0,0.333,5,5,0,1,439,0,0,0,1,0,0,0,0,0.456,0.245,0.245,2.551,-4.545,5.457,0.18,0.08,1.419,-2.702,2.863,0.06
Zwevegem Sport,Jonas Defraeye,14,14,0,1,1249,2,2,0,1,0,0,0,14,Speler,0.748,0.144,0.072,5,5,0,1,439,1,1,0,1,0,0,0,5,1.096,0.817,0.817,2.969,-4.724,6.915,0.37,0.132,1.608,-3.019,3.283,0.08
Zwevegem Sport,Kenneth Deceuninck,12,12,0,3,1038,0,0,0,5,0,0,0,0,Speler,0.724,0.0,0.434,5,5,0,0,450,0,0,0,1,0,0,0,0,-0.056,-0.232,-0.232,2.295,-4.554,4.442,-0.02,-0.054,1.305,-2.612,2.504,-0.04
Zwevegem Sport,Kenny Van Damme,12,12,0,2,991,0,0,0,2,0,0,0,0,Speler,0.75,0.0,0.182,3,3,0,1,226,0,0,0,0,0,0,0,0,-0.323,-0.201,-0.201,2.384,-4.996,4.35,-0.14,0.204,1.332,-2.406,2.814,0.15
Zwevegem Sport,Lenn D'Haene,7,0,3,0,44,0,0,0,0,0,0,0,0,Speler,0.5,0.0,0.0,3,0,0,0,0,0,0,0,0,0,0,0,0,0.949,0.672,0.672,2.902,-4.739,6.637,0.33,0.62,1.602,-2.521,3.761,0.39
Zwevegem Sport,Lowie Smet,12,7,5,3,640,6,0,0,3,0,0,0,0,Speler,0.613,0.844,0.422,3,0,3,0,57,0,0,0,2,0,0,0,0,0.48,0.325,0.325,2.081,-3.598,4.558,0.23,-0.765,1.196,-3.11,1.579,-0.64
Zwevegem Sport,Mathias Meulenyzer,14,14,0,0,1260,0,0,0,2,0,0,0,0,Speler,0.75,0.0,0.143,5,5,0,0,450,0,0,0,1,0,0,0,0,0.149,0.1,0.1,3.086,-5.901,6.198,0.05,0.158,1.651,-3.078,3.394,0.1
Zwevegem Sport,Matts Deneir,12,12,0,0,1050,0,0,0,0,0,1,6,0,Keeper,0.771,0.0,0.0,5,5,0,0,450,0,0,0,0,0,0,2,0,0.778,0.442,0.442,2.626,-4.369,5.926,0.3,0.329,1.446,-2.506,3.164,0.23
Zwevegem Sport,Mauro Mercher,4,1,1,0,115,0,0,0,0,0,0,0,0,Speler,1.0,0.0,0.0,1,0,0,0,0,0,0,0,0,0,0,0,0,0.315,0.291,0.291,2.614,-4.808,5.439,0.12,0.245,1.467,-2.632,3.121,0.17
Zwevegem Sport,Mitch Voet,14,3,8,0,462,0,0,0,2,0,0,0,0,Speler,0.725,0.0,0.39,5,2,2,0,235,0,0,0,0,0,0,0,0,-0.293,-0.356,-0.356,2.182,-4.569,3.983,-0.13,-0.157,1.233,-2.575,2.26,-0.13
Zwevegem Sport,Monssef Znagui,12,11,1,2,952,3,0,0,1,0,1,0,0,Speler,0.694,0.284,0.095,5,5,0,1,439,1,0,0,1,0,0,0,0,0.358,0.321,0.321,2.182,-3.919,4.635,0.16,0.142,1.257,-2.321,2.606,0.11
Zwevegem Sport,Nathan Leyder,14,14,0,1,1215,2,0,0,2,0,0,0,0,Speler,0.741,0.148,0.148,5,5,0,0,450,2,0,0,2,0,0,0,0,-0.552,-0.443,-0.443,2.843,-6.123,5.019,-0.19,0.438,1.553,-2.607,3.482,0.28
Zwevegem Sport,Noah Decock,8,2,0,0,180,0,0,0,0,0,0,0,0,Keeper,0.75,0.0,0.0,3,0,0,0,0,0,0,0,0,0,0,0,0,-0.362,-0.154,-0.154,2.769,-5.79,5.065,-0.13,0.098,1.52,-2.88,3.076,0.06
Zwevegem Sport,Tom Dekampener,9,0,8,0,146,0,0,0,0,0,0,0,0,Speler,0.5,0.0,0.0,4,0,4,0,74,0,0,0,0,0,0,0,0,0.492,0.427,0.427,2.352,-4.117,5.101,0.21,0.79,1.356,-1.868,3.447,0.58
Zwevegem Sport,Xanthi Ego,12,10,2,9,799,1,0,0,0,0,0,0,0,Speler,0.72,0.113,0.0,5,5,0,5,354,1,0,0,0,0,0,0,0,-0.371,-0.27,-0.27,1.994,-4.28,3.538,-0.19,0.109,1.165,-2.174,2.392,0.09
